"year","lambda","N_sero","llik","convergence","lci","uci","provname"
1985,0.0207990404433547,4,12697.0517675648,0,0,0.0875870179466928,"Banteay Meanchey"
1986,0.01595640717471,4,12697.0517675648,0,0,0.0810317844971708,"Banteay Meanchey"
1987,0.0154362477594639,4,12697.0517675648,0,0,0.0787193572542436,"Banteay Meanchey"
1988,0.0425758931238397,4,12697.0517675648,0,0,0.103014320371053,"Banteay Meanchey"
1989,0.0315936363744274,4,12697.0517675648,0,0,0.0884990702542093,"Banteay Meanchey"
1990,0.0768482487541152,4,12697.0517675648,0,0.0244781406512437,0.129218356856987,"Banteay Meanchey"
1991,0.060426648818532,4,12697.0517675648,0,0.0137334231482874,0.107119874488777,"Banteay Meanchey"
1992,0.0907115965875285,4,12697.0517675648,0,0.0493964695140722,0.132026723660985,"Banteay Meanchey"
1993,0.108815689876207,4,12697.0517675648,0,0.0727508663763121,0.144880513376101,"Banteay Meanchey"
1994,0.112099342445897,4,12697.0517675648,0,0.0811145376976082,0.143084147194185,"Banteay Meanchey"
1995,0.10064216858855,4,12697.0517675648,0,0.0739156789895074,0.127368658187593,"Banteay Meanchey"
1996,0.111499133001749,4,12697.0517675648,0,0.0883915979386818,0.134606668064817,"Banteay Meanchey"
1997,0.0974958917981146,4,12697.0517675648,0,0.0773747251351228,0.117617058461106,"Banteay Meanchey"
1998,0.0989794374184154,4,12697.0517675648,0,0.0812912987517307,0.1166675760851,"Banteay Meanchey"
1999,0.100262371406415,4,12697.0517675648,0,0.0848139113949605,0.11571083141787,"Banteay Meanchey"
2000,0.0898948283321956,4,12697.0517675648,0,0.0764577122733534,0.103331944391038,"Banteay Meanchey"
2001,0.104700193647963,4,12697.0517675648,0,0.093254784333525,0.116145602962402,"Banteay Meanchey"
2002,0.102979632758117,4,12697.0517675648,0,0.0947592644058608,0.111200001110373,"Banteay Meanchey"
2003,0.109655217020791,4,12697.0517675648,0,0.102884832511188,0.116425601530395,"Banteay Meanchey"
2004,0.0756434902715787,4,12697.0517675648,0,0.0678585641264573,0.0834284164167,"Banteay Meanchey"
2005,0.106522929300449,4,12697.0517675648,0,0.0996679545005844,0.113377904100314,"Banteay Meanchey"
2006,0.0734692817045443,4,12697.0517675648,0,0.0673755395630573,0.0795630238460313,"Banteay Meanchey"
2007,0.105639443180886,4,12697.0517675648,0,0.100298884044362,0.11098000231741,"Banteay Meanchey"
2008,0.0867774542364605,4,12697.0517675648,0,0.0809797942251116,0.0925751142478093,"Banteay Meanchey"
2009,0.085790038049215,4,12697.0517675648,0,0.0794986323529364,0.0920814437454935,"Banteay Meanchey"
2010,0.101654632985298,4,12697.0517675648,0,0.0962995617370054,0.10700970423359,"Banteay Meanchey"
2011,0.0653932824231707,4,12697.0517675648,0,0.0607657703053256,0.0700207945410158,"Banteay Meanchey"
2012,0.0903170745447966,4,12697.0517675648,0,0.0864847059726917,0.0941494431169016,"Banteay Meanchey"
2013,0.0794080887251984,4,12697.0517675648,0,0.0743629813027274,0.0844531961476695,"Banteay Meanchey"
2014,0.0398688197860054,4,12697.0517675648,0,0.0336918687180922,0.0460457708539187,"Banteay Meanchey"
2015,0.0820821191970835,4,12697.0517675648,0,0.0764544441366211,0.087709794257546,"Banteay Meanchey"
2016,0.0476045908674227,4,12697.0517675648,0,0.0427318411815509,0.0524773405532945,"Banteay Meanchey"
2017,0.0446098176614493,4,12697.0517675648,0,0.0396409473558046,0.0495786879670941,"Banteay Meanchey"
2018,0.043987870340179,4,12697.0517675648,0,0.0393033934057355,0.0486723472746226,"Banteay Meanchey"
2019,0.087104662080882,4,12697.0517675648,0,0.0832538850653917,0.0909554390963724,"Banteay Meanchey"
2020,0.0150399296835999,4,12697.0517675648,0,0.0126124072868237,0.017467452080376,"Banteay Meanchey"
1987,0.0199291386702441,4,4560.03153687879,0,0,0.120519560567098,"Battambang"
1988,1e-07,4,4560.03153687879,0,0,0.0981130638384538,"Battambang"
1989,0.0126879586083107,4,4560.03153687879,0,0,0.108909919722869,"Battambang"
1990,1e-07,4,4560.03153687879,0,0,0.091657609264163,"Battambang"
1991,0.0564258353102706,4,4560.03153687879,0,0,0.139575190374113,"Battambang"
1992,0.0721405791359832,4,4560.03153687879,0,0,0.146069634088491,"Battambang"
1993,0.0913535451303411,4,4560.03153687879,0,0.026007893618492,0.15669919664219,"Battambang"
1994,0.0571130648011424,4,4560.03153687879,0,0,0.115112630669743,"Battambang"
1995,0.115636873880043,4,4560.03153687879,0,0.0648470292491529,0.166426718510932,"Battambang"
1996,0.0856669548725681,4,4560.03153687879,0,0.0415142499830517,0.129819659762084,"Battambang"
1997,0.0978922003955766,4,4560.03153687879,0,0.0587535252637525,0.137030875527401,"Battambang"
1998,0.105964264296844,4,4560.03153687879,0,0.071699055757927,0.140229472835761,"Battambang"
1999,0.107750073308084,4,4560.03153687879,0,0.0779553011226762,0.137544845493492,"Battambang"
2000,0.099374098315392,4,4560.03153687879,0,0.0734096286932902,0.125338567937494,"Battambang"
2001,0.10209866484766,4,4560.03153687879,0,0.0796236151383992,0.124573714556921,"Battambang"
2002,0.0978459918950913,4,4560.03153687879,0,0.0800237470861628,0.11566823670402,"Battambang"
2003,0.091541766695796,4,4560.03153687879,0,0.0776940332858275,0.105389500105764,"Battambang"
2004,0.0825000020911693,4,4560.03153687879,0,0.0685065871779356,0.0964934170044029,"Battambang"
2005,0.107272188338878,4,4560.03153687879,0,0.0950892529775489,0.119455123700208,"Battambang"
2006,0.103139482294297,4,4560.03153687879,0,0.0921140291581925,0.114164935430401,"Battambang"
2007,0.111019243143711,4,4560.03153687879,0,0.102000384440219,0.120038101847204,"Battambang"
2008,0.0847006909325434,4,4560.03153687879,0,0.0749201613389719,0.094481220526115,"Battambang"
2009,0.0826387907950828,4,4560.03153687879,0,0.0729850038489481,0.0922925777412174,"Battambang"
2010,0.0743603922637196,4,4560.03153687879,0,0.0658377829529199,0.0828830015745193,"Battambang"
2011,0.0817814147658073,4,4560.03153687879,0,0.0740703338815015,0.0894924956501131,"Battambang"
2012,0.0861101938489034,4,4560.03153687879,0,0.0800341873863431,0.0921862003114637,"Battambang"
2013,0.0679363277799128,4,4560.03153687879,0,0.0609926687749857,0.0748799867848398,"Battambang"
2014,0.0348075714979004,4,4560.03153687879,0,0.0265817395902418,0.0430334034055591,"Battambang"
2015,0.0636898333869402,4,4560.03153687879,0,0.0564016527410563,0.0709780140328242,"Battambang"
2016,0.0525328178642902,4,4560.03153687879,0,0.0458244615583855,0.0592411741701948,"Battambang"
2017,0.0411817803123461,4,4560.03153687879,0,0.0345788744174574,0.0477846862072348,"Battambang"
2018,0.0467796551321862,4,4560.03153687879,0,0.0406326608764289,0.0529266493879435,"Battambang"
2019,0.0900480441328538,4,4560.03153687879,0,0.0853306932605431,0.0947653950051646,"Battambang"
2020,0.0285437290752249,4,4560.03153687879,0,0.0237867064657478,0.0333007516847019,"Battambang"
1988,0.0109450708494969,4,6788.00240527049,0,0,0.081168515948877,"Kampong Cham"
1989,0.0768564227800129,4,6788.00240527049,0,0.0121662030303703,0.141546642529656,"Kampong Cham"
1990,0.134265225475739,4,6788.00240527049,0,0.0781593407862199,0.190371110165257,"Kampong Cham"
1991,0.14705759340014,4,6788.00240527049,0,0.10085250586029,0.193262680939991,"Kampong Cham"
1992,0.134984200861541,4,6788.00240527049,0,0.0969981635216767,0.172970238201406,"Kampong Cham"
1993,0.144007007629151,4,6788.00240527049,0,0.11256842170642,0.175445593551882,"Kampong Cham"
1994,0.162967410822462,4,6788.00240527049,0,0.137358126916211,0.188576694728713,"Kampong Cham"
1995,0.14126671780475,4,6788.00240527049,0,0.120456563298446,0.162076872311053,"Kampong Cham"
1996,0.124479541355156,4,6788.00240527049,0,0.107094678172657,0.141864404537654,"Kampong Cham"
1997,0.111302086366813,4,6788.00240527049,0,0.096453054613722,0.126151118119904,"Kampong Cham"
1998,0.101211421869891,4,6788.00240527049,0,0.0883385250885153,0.114084318651266,"Kampong Cham"
1999,0.105040855295359,4,6788.00240527049,0,0.0938720806609598,0.116209629929759,"Kampong Cham"
2000,0.0908198410879842,4,6788.00240527049,0,0.0811580791835122,0.100481602992456,"Kampong Cham"
2001,0.0915566721389472,4,6788.00240527049,0,0.0833113780085828,0.0998019662693117,"Kampong Cham"
2002,0.102380854715725,4,6788.00240527049,0,0.0963529185263028,0.108408790905148,"Kampong Cham"
2003,0.098049138553732,4,6788.00240527049,0,0.0933253840637215,0.102772893043743,"Kampong Cham"
2004,0.0950056917628265,4,6788.00240527049,0,0.0903633163078259,0.099648067217827,"Kampong Cham"
2005,0.102379797975523,4,6788.00240527049,0,0.0976034883705531,0.107156107580492,"Kampong Cham"
2006,0.0949229961897903,4,6788.00240527049,0,0.090516884548306,0.0993291078312747,"Kampong Cham"
2007,0.0988333297433887,4,6788.00240527049,0,0.0951810230435854,0.102485636443192,"Kampong Cham"
2008,0.0779871193511322,4,6788.00240527049,0,0.0733123886053752,0.0826618500968893,"Kampong Cham"
2009,0.0885602453913569,4,6788.00240527049,0,0.0837285590353923,0.0933919317473216,"Kampong Cham"
2010,0.0882819037229134,4,6788.00240527049,0,0.0839416056316625,0.0926222018141644,"Kampong Cham"
2011,0.0627083894929427,4,6788.00240527049,0,0.0583684609501874,0.067048318035698,"Kampong Cham"
2012,0.0812236011013043,4,6788.00240527049,0,0.0773087246760124,0.0851384775265961,"Kampong Cham"
2013,0.0766596324078597,4,6788.00240527049,0,0.0725647816082282,0.0807544832074911,"Kampong Cham"
2014,0.0487289087234493,4,6788.00240527049,0,0.0433842670300654,0.0540735504168332,"Kampong Cham"
2015,0.0602584265472862,4,6788.00240527049,0,0.0552507497802631,0.0652661033143092,"Kampong Cham"
2016,0.0527906384799083,4,6788.00240527049,0,0.0477416179165147,0.057839659043302,"Kampong Cham"
2017,0.0294556899322783,4,6788.00240527049,0,0.0234519148965761,0.0354594649679805,"Kampong Cham"
2018,0.0711878371700171,4,6788.00240527049,0,0.0650877727921906,0.0772879015478436,"Kampong Cham"
2019,0.0999628210528019,4,6788.00240527049,0,0.095284043633227,0.104641598472377,"Kampong Cham"
2020,0.0445042322677387,4,6788.00240527049,0,0.0382260253776573,0.05078243915782,"Kampong Cham"
1988,1e-07,4,3492.57968133642,0,0,0.132169955233612,"Kampong Chhnang"
1989,1e-07,4,3492.57968133642,0,0,0.122228511230859,"Kampong Chhnang"
1990,1e-07,4,3492.57968133642,0,0,0.109147625290248,"Kampong Chhnang"
1991,1e-07,4,3492.57968133642,0,0,0.0905962058492266,"Kampong Chhnang"
1992,0.0603765257417952,4,3492.57968133642,0,0,0.141060324119121,"Kampong Chhnang"
1993,0.160801615886307,4,3492.57968133642,0,0.0916262807922443,0.22997695098037,"Kampong Chhnang"
1994,0.133599506506517,4,3492.57968133642,0,0.0770509670272661,0.190148045985767,"Kampong Chhnang"
1995,0.12381610170433,4,3492.57968133642,0,0.0763276632334549,0.171304540175206,"Kampong Chhnang"
1996,0.094526521770404,4,3492.57968133642,0,0.053986215304767,0.135066828236041,"Kampong Chhnang"
1997,0.109225456083866,4,3492.57968133642,0,0.0741316058865236,0.144319306281208,"Kampong Chhnang"
1998,0.0975205674154753,4,3492.57968133642,0,0.0669570575882134,0.128084077242737,"Kampong Chhnang"
1999,0.111723358470334,4,3492.57968133642,0,0.085158157473107,0.138288559467561,"Kampong Chhnang"
2000,0.0958234233938925,4,3492.57968133642,0,0.0729828856505522,0.118663961137233,"Kampong Chhnang"
2001,0.102415292373458,4,3492.57968133642,0,0.0829481113366818,0.121882473410234,"Kampong Chhnang"
2002,0.0848668234802759,4,3492.57968133642,0,0.0702580083402627,0.0994756386202891,"Kampong Chhnang"
2003,0.0806139408548889,4,3492.57968133642,0,0.0673973193152763,0.0938305623945015,"Kampong Chhnang"
2004,0.100823075674913,4,3492.57968133642,0,0.0887244191517918,0.112921732198034,"Kampong Chhnang"
2005,0.108918512001804,4,3492.57968133642,0,0.0967665492653139,0.121070474738293,"Kampong Chhnang"
2006,0.116174713595649,4,3492.57968133642,0,0.106480503969089,0.12586892322221,"Kampong Chhnang"
2007,0.0992851494689125,4,3492.57968133642,0,0.0903947977627599,0.108175501175065,"Kampong Chhnang"
2008,0.0804450410611972,4,3492.57968133642,0,0.0700563232505004,0.0908337588718939,"Kampong Chhnang"
2009,0.056557849968311,4,3492.57968133642,0,0.0471934003399003,0.0659222995967216,"Kampong Chhnang"
2010,0.112081629320212,4,3492.57968133642,0,0.103099572861801,0.121063685778624,"Kampong Chhnang"
2011,0.101519515359098,4,3492.57968133642,0,0.0919846760462224,0.111054354671974,"Kampong Chhnang"
2012,0.0895328900200096,4,3492.57968133642,0,0.0817732151239416,0.0972925649160776,"Kampong Chhnang"
2013,0.0651998454099671,4,3492.57968133642,0,0.0580366636391452,0.0723630271807891,"Kampong Chhnang"
2014,0.0411915877504639,4,3492.57968133642,0,0.0324295854514714,0.0499535900494565,"Kampong Chhnang"
2015,0.0609435598074723,4,3492.57968133642,0,0.0529776695925821,0.0689094500223625,"Kampong Chhnang"
2016,0.0535670356941886,4,3492.57968133642,0,0.0462904497604329,0.0608436216279442,"Kampong Chhnang"
2017,0.0221022480785231,4,3492.57968133642,0,0.0145642975992657,0.0296401985577805,"Kampong Chhnang"
2018,0.0652793985885895,4,3492.57968133642,0,0.0583054053343362,0.0722533918428427,"Kampong Chhnang"
2019,0.0946301772423627,4,3492.57968133642,0,0.0891211978986122,0.100139156586113,"Kampong Chhnang"
2020,0.04408855074177,4,3492.57968133642,0,0.0372355212444482,0.0509415802390918,"Kampong Chhnang"
1988,1e-07,4,4829.62341186676,0,0,0.140339182698779,"Kampong Speu"
1989,0.0510946096774787,4,4829.62341186676,0,0,0.178153029552045,"Kampong Speu"
1990,0.1292194263016,4,4829.62341186676,0,0.0202241873809666,0.238214665222233,"Kampong Speu"
1991,0.151567948173825,4,4829.62341186676,0,0.0616556572177825,0.241480239129867,"Kampong Speu"
1992,0.15301604154735,4,4829.62341186676,0,0.0801058891760034,0.225926193918696,"Kampong Speu"
1993,0.145675893355322,4,4829.62341186676,0,0.0864975299605223,0.204854256750122,"Kampong Speu"
1994,0.159273587815585,4,4829.62341186676,0,0.111290966153042,0.207256209478128,"Kampong Speu"
1995,0.104255515320954,4,4829.62341186676,0,0.0649168849441986,0.143594145697709,"Kampong Speu"
1996,0.132637934428707,4,4829.62341186676,0,0.0997657338591996,0.165510134998215,"Kampong Speu"
1997,0.120815295580215,4,4829.62341186676,0,0.0931757250328516,0.148454866127579,"Kampong Speu"
1998,0.119221467666765,4,4829.62341186676,0,0.0956315045404537,0.142811430793077,"Kampong Speu"
1999,0.109757754333402,4,4829.62341186676,0,0.0895653563772316,0.129950152289572,"Kampong Speu"
2000,0.0916434018028724,4,4829.62341186676,0,0.074248331040876,0.109038472564869,"Kampong Speu"
2001,0.102801811160389,4,4829.62341186676,0,0.0882335880527906,0.117370034267988,"Kampong Speu"
2002,0.094537432148746,4,4829.62341186676,0,0.0845070763741104,0.104567787923382,"Kampong Speu"
2003,0.119577023254644,4,4829.62341186676,0,0.109649351857244,0.129504694652043,"Kampong Speu"
2004,0.115726458916295,4,4829.62341186676,0,0.106471601752966,0.124981316079623,"Kampong Speu"
2005,0.11389332229725,4,4829.62341186676,0,0.10554074946359,0.122245895130909,"Kampong Speu"
2006,0.104592339839187,4,4829.62341186676,0,0.0973960438134659,0.111788635864909,"Kampong Speu"
2007,0.103121007556969,4,4829.62341186676,0,0.0973813959478137,0.108860619166123,"Kampong Speu"
2008,0.114542142338823,4,4829.62341186676,0,0.106365657029278,0.122718627648368,"Kampong Speu"
2009,0.103669981662534,4,4829.62341186676,0,0.0956922819827874,0.111647681342281,"Kampong Speu"
2010,0.115634278487148,4,4829.62341186676,0,0.10842352159774,0.122845035376556,"Kampong Speu"
2011,0.0821070671592354,4,4829.62341186676,0,0.0756958610705428,0.088518273247928,"Kampong Speu"
2012,0.093534142429028,4,4829.62341186676,0,0.0881809403832875,0.0988873444747686,"Kampong Speu"
2013,0.0618515093395548,4,4829.62341186676,0,0.055858433998098,0.0678445846810115,"Kampong Speu"
2014,0.0467898591836762,4,4829.62341186676,0,0.03926844983004,0.0543112685373125,"Kampong Speu"
2015,0.0530015563631863,4,4829.62341186676,0,0.0455084810285932,0.0604946316977793,"Kampong Speu"
2016,0.0501066177277428,4,4829.62341186676,0,0.043082522385607,0.0571307130698787,"Kampong Speu"
2017,0.0457441563234882,4,4829.62341186676,0,0.0387141435666554,0.0527741690803209,"Kampong Speu"
2018,0.0704854496036355,4,4829.62341186676,0,0.063768212973255,0.0772026862340161,"Kampong Speu"
2019,0.103335129425527,4,4829.62341186676,0,0.0981119620206427,0.108558296830412,"Kampong Speu"
2020,0.0350257815564091,4,4829.62341186676,0,0.0298091852262628,0.0402423778865555,"Kampong Speu"
1984,0.0103512450269889,4,6571.3444852336,0,0,0.13427951938313,"Kampong Thom"
1985,1e-07,4,6571.3444852336,0,0,0.123003395517074,"Kampong Thom"
1986,1e-07,4,6571.3444852336,0,0,0.122983258981006,"Kampong Thom"
1987,1e-07,4,6571.3444852336,0,0,0.122960082017931,"Kampong Thom"
1988,1e-07,4,6571.3444852336,0,0,0.111961398321598,"Kampong Thom"
1989,1e-07,4,6571.3444852336,0,0,0.0954709463511543,"Kampong Thom"
1990,1e-07,4,6571.3444852336,0,0,0.0866357731433448,"Kampong Thom"
1991,0.109550812246585,4,6571.3444852336,0,0.0333204038307825,0.185781220662387,"Kampong Thom"
1992,0.0891291266045856,4,6571.3444852336,0,0.0233858304014103,0.154872422807761,"Kampong Thom"
1993,0.138758749129456,4,6571.3444852336,0,0.0825521541916695,0.194965344067243,"Kampong Thom"
1994,0.159080066349926,4,6571.3444852336,0,0.113082693586465,0.205077439113387,"Kampong Thom"
1995,0.155322848265131,4,6571.3444852336,0,0.118131874953339,0.192513821576924,"Kampong Thom"
1996,0.129794547679035,4,6571.3444852336,0,0.0991687094161844,0.160420385941885,"Kampong Thom"
1997,0.117332791408181,4,6571.3444852336,0,0.0914092788719221,0.143256303944439,"Kampong Thom"
1998,0.112208604713373,4,6571.3444852336,0,0.0899776353132499,0.134439574113495,"Kampong Thom"
1999,0.114561546287707,4,6571.3444852336,0,0.0954762015445065,0.133646891030908,"Kampong Thom"
2000,0.0976926996486104,4,6571.3444852336,0,0.0812728075626887,0.114112591734532,"Kampong Thom"
2001,0.102734967648273,4,6571.3444852336,0,0.0887625631627144,0.116707372133831,"Kampong Thom"
2002,0.10073157816494,4,6571.3444852336,0,0.090170262819522,0.111292893510359,"Kampong Thom"
2003,0.0999715377327376,4,6571.3444852336,0,0.0914034248159304,0.108539650649545,"Kampong Thom"
2004,0.0845741959191022,4,6571.3444852336,0,0.0760366644580023,0.0931117273802022,"Kampong Thom"
2005,0.106047937446926,4,6571.3444852336,0,0.0980459193983035,0.114049955495548,"Kampong Thom"
2006,0.114748822721281,4,6571.3444852336,0,0.108353836751624,0.121143808690938,"Kampong Thom"
2007,0.111656326331793,4,6571.3444852336,0,0.105968924407986,0.117343728255601,"Kampong Thom"
2008,0.118271114811474,4,6571.3444852336,0,0.111259470270675,0.125282759352273,"Kampong Thom"
2009,0.0717314447514131,4,6571.3444852336,0,0.0642738982936756,0.0791889912091506,"Kampong Thom"
2010,0.101345090917316,4,6571.3444852336,0,0.09430064754838,0.108389534286253,"Kampong Thom"
2011,0.0859434366078875,4,6571.3444852336,0,0.0804708976432955,0.0914159755724796,"Kampong Thom"
2012,0.0934949340555381,4,6571.3444852336,0,0.0883471916887407,0.0986426764223355,"Kampong Thom"
2013,0.0842321260294341,4,6571.3444852336,0,0.0787573401743436,0.0897069118845247,"Kampong Thom"
2014,0.0435808281244727,4,6571.3444852336,0,0.0371820857660534,0.049979570482892,"Kampong Thom"
2015,0.0517075029194878,4,6571.3444852336,0,0.0461619003985014,0.0572531054404742,"Kampong Thom"
2016,0.0697648480305402,4,6571.3444852336,0,0.0648421429119185,0.0746875531491619,"Kampong Thom"
2017,0.0515010189856238,4,6571.3444852336,0,0.045748367335756,0.0572536706354917,"Kampong Thom"
2018,0.048569949836899,4,6571.3444852336,0,0.0432713175585484,0.0538685821152497,"Kampong Thom"
2019,0.100447570205673,4,6571.3444852336,0,0.0964001077113374,0.104495032700008,"Kampong Thom"
2020,0.0489000981771041,4,6571.3444852336,0,0.042266439642619,0.0555337567115891,"Kampong Thom"
1983,1e-07,4,2574.98354124471,0,0,0.201826184647768,"Kampot"
1984,1e-07,4,2574.98354124471,0,0,0.201305939878338,"Kampot"
1985,1e-07,4,2574.98354124471,0,0,0.179959099842593,"Kampot"
1986,1e-07,4,2574.98354124471,0,0,0.156346142413186,"Kampot"
1987,1e-07,4,2574.98354124471,0,0,0.156317188253499,"Kampot"
1988,0.0491802662116336,4,2574.98354124471,0,0,0.200336985699701,"Kampot"
1989,0.0621533851552544,4,2574.98354124471,0,0,0.196126170299396,"Kampot"
1990,0.135549980722936,4,2574.98354124471,0,0.0264919178793263,0.244608043566545,"Kampot"
1991,0.131499311111539,4,2574.98354124471,0,0.0432718941558117,0.219726728067267,"Kampot"
1992,0.0808805073609239,4,2574.98354124471,0,0.00551608842502441,0.156244926296823,"Kampot"
1993,0.0918453165320996,4,2574.98354124471,0,0.0257234902435761,0.157967142820623,"Kampot"
1994,0.139329823795037,4,2574.98354124471,0,0.0827568004900873,0.195902847099987,"Kampot"
1995,0.113674814282229,4,2574.98354124471,0,0.0661021694966758,0.161247459067782,"Kampot"
1996,0.107256925100416,4,2574.98354124471,0,0.0662503371379355,0.148263513062897,"Kampot"
1997,0.10422270613129,4,2574.98354124471,0,0.0685063455499492,0.139939066712632,"Kampot"
1998,0.0953704640680837,4,2574.98354124471,0,0.0640873824740345,0.126653545662133,"Kampot"
1999,0.0726123785398803,4,2574.98354124471,0,0.0448576542619018,0.100367102817859,"Kampot"
2000,0.0770705106778085,4,2574.98354124471,0,0.0523766186448798,0.101764402710737,"Kampot"
2001,0.0806227664767464,4,2574.98354124471,0,0.0596708376769,0.101574695276593,"Kampot"
2002,0.0665989888807292,4,2574.98354124471,0,0.0519245413644481,0.0812734363970102,"Kampot"
2003,0.112697550744353,4,2574.98354124471,0,0.0980402236004349,0.127354877888271,"Kampot"
2004,0.0958084394489109,4,2574.98354124471,0,0.0823681095411529,0.109248769356669,"Kampot"
2005,0.0771399102368175,4,2574.98354124471,0,0.0649046847965074,0.0893751356771276,"Kampot"
2006,0.081486908206968,4,2574.98354124471,0,0.0687813932228142,0.0941924231911218,"Kampot"
2007,0.097894470027857,4,2574.98354124471,0,0.0882815965426462,0.107507343513068,"Kampot"
2008,0.0691403861627543,4,2574.98354124471,0,0.0570975760344433,0.0811831962910652,"Kampot"
2009,0.0626654303068828,4,2574.98354124471,0,0.0504379900072949,0.0748928706064707,"Kampot"
2010,0.0829339587319455,4,2574.98354124471,0,0.0730582183851253,0.0928096990787656,"Kampot"
2011,0.0788351746664119,4,2574.98354124471,0,0.0668212271642334,0.0908491221685904,"Kampot"
2012,0.0812055159685422,4,2574.98354124471,0,0.0708492252491277,0.0915618066879568,"Kampot"
2013,0.0735344532757276,4,2574.98354124471,0,0.0640337543816757,0.0830351521697794,"Kampot"
2014,0.0443374563184472,4,2574.98354124471,0,0.0338950427491947,0.0547798698876997,"Kampot"
2015,0.0497257530873707,4,2574.98354124471,0,0.0381794476623819,0.0612720585123596,"Kampot"
2016,0.0541478620558281,4,2574.98354124471,0,0.042670411377709,0.0656253127339473,"Kampot"
2017,0.0221017437943838,4,2574.98354124471,0,0.011263176284486,0.0329403113042816,"Kampot"
2018,0.0703035792903742,4,2574.98354124471,0,0.0605110736108124,0.0800960849699359,"Kampot"
2019,0.0732175146303633,4,2574.98354124471,0,0.0663260624959015,0.080108966764825,"Kampot"
2020,0.19745453487775,4,2574.98354124471,0,0.180771143606639,0.21413792614886,"Kampot"
1987,0.036018213381139,4,10511.5424822955,0,0,0.153448325164888,"Kandal"
1988,0.0371457578558143,4,10511.5424822955,0,0,0.146499054060032,"Kandal"
1989,0.05874415218193,4,10511.5424822955,0,0,0.157739100075507,"Kandal"
1990,0.226946154748653,4,10511.5424822955,0,0.147678774381472,0.306213535115833,"Kandal"
1991,0.214292462810591,4,10511.5424822955,0,0.157599043591347,0.270985882029834,"Kandal"
1992,0.165464339035484,4,10511.5424822955,0,0.122406446829504,0.208522231241465,"Kandal"
1993,0.185776394798588,4,10511.5424822955,0,0.151970033518429,0.219582756078748,"Kandal"
1994,0.165573718383486,4,10511.5424822955,0,0.139101992604534,0.192045444162438,"Kandal"
1995,0.1506655987695,4,10511.5424822955,0,0.129434150033273,0.171897047505726,"Kandal"
1996,0.133212728476927,4,10511.5424822955,0,0.115658527805721,0.150766929148132,"Kandal"
1997,0.125229502301831,4,10511.5424822955,0,0.110421983096777,0.140037021506885,"Kandal"
1998,0.104915310712347,4,10511.5424822955,0,0.0921895204770682,0.117641100947625,"Kandal"
1999,0.099712713421945,4,10511.5424822955,0,0.0886328405275644,0.110792586316326,"Kandal"
2000,0.0894188085669642,4,10511.5424822955,0,0.079793624262472,0.0990439928714564,"Kandal"
2001,0.0967797796593318,4,10511.5424822955,0,0.0887718238734263,0.104787735445237,"Kandal"
2002,0.0561390285419972,4,10511.5424822955,0,0.0506187309328258,0.0616593261511687,"Kandal"
2003,0.111056302239931,4,10511.5424822955,0,0.105404264825468,0.116708339654394,"Kandal"
2004,0.113173714479381,4,10511.5424822955,0,0.107607282076997,0.118740146881765,"Kandal"
2005,0.108588731154658,4,10511.5424822955,0,0.103395320135084,0.113782142174232,"Kandal"
2006,0.109304457047434,4,10511.5424822955,0,0.105100903346821,0.113508010748047,"Kandal"
2007,0.100919402203429,4,10511.5424822955,0,0.0973023205328647,0.104536483873993,"Kandal"
2008,0.0849275039309539,4,10511.5424822955,0,0.080171411951,0.0896835959109077,"Kandal"
2009,0.0811917764866925,4,10511.5424822955,0,0.076540694853644,0.0858428581197411,"Kandal"
2010,0.123153750066099,4,10511.5424822955,0,0.118596040742471,0.127711459389727,"Kandal"
2011,0.0670181104045053,4,10511.5424822955,0,0.0629274289454514,0.0711087918635592,"Kandal"
2012,0.0830832889045935,4,10511.5424822955,0,0.0796141144548381,0.0865524633543489,"Kandal"
2013,0.0596467167065949,4,10511.5424822955,0,0.0557224138065332,0.0635710196066566,"Kandal"
2014,0.0380794116560895,4,10511.5424822955,0,0.033313579078927,0.042845244233252,"Kandal"
2015,0.0578371201193465,4,10511.5424822955,0,0.0533348528770834,0.0623393873616096,"Kandal"
2016,0.0512561349897611,4,10511.5424822955,0,0.0469415083859259,0.0555707615935963,"Kandal"
2017,0.0361690301266483,4,10511.5424822955,0,0.0318303868653014,0.0405076733879951,"Kandal"
2018,0.0749489716260519,4,10511.5424822955,0,0.0710491202543048,0.0788488229977989,"Kandal"
2019,0.0848798561199283,4,10511.5424822955,0,0.0817246813049389,0.0880350309349177,"Kandal"
2020,0.100075903199571,4,10511.5424822955,0,0.0945415703574146,0.105610236041727,"Kandal"
1988,0.0664844056049955,4,617.67881935104,0,0,0.372925512133764,"Kep"
1989,1e-07,4,617.67881935104,0,0,0.290473850501511,"Kep"
1990,0.170564872796732,4,617.67881935104,0,0,0.430443045978226,"Kep"
1991,0.0919031716296608,4,617.67881935104,0,0,0.304975789949287,"Kep"
1992,1e-07,4,617.67881935104,0,0,0.189137600852147,"Kep"
1993,1e-07,4,617.67881935104,0,0,0.168376514078166,"Kep"
1994,0.0781442472440512,4,617.67881935104,0,0,0.226137149327753,"Kep"
1995,0.0997104131974972,4,617.67881935104,0,0,0.229938648643956,"Kep"
1996,0.0726947987863064,4,617.67881935104,0,0,0.186895497139925,"Kep"
1997,0.103807942141725,4,617.67881935104,0,0.00294025324278727,0.204675631040662,"Kep"
1998,0.0337973031780197,4,617.67881935104,0,0,0.123977884745676,"Kep"
1999,0.106876510664579,4,617.67881935104,0,0.02568180593485,0.188071215394308,"Kep"
2000,0.0784718542169927,4,617.67881935104,0,0.00742556720673895,0.149518141227246,"Kep"
2001,0.0540988495747874,4,617.67881935104,0,0,0.117505750664251,"Kep"
2002,0.151403020297487,4,617.67881935104,0,0.106792692436589,0.196013348158385,"Kep"
2003,0.0331887369148187,4,617.67881935104,0,0,0.0667349974774287,"Kep"
2004,0.0263976663898339,4,617.67881935104,0,0,0.0786298168455099,"Kep"
2005,0.0815265797236031,4,617.67881935104,0,0.0282133033401175,0.134839856107089,"Kep"
2006,0.0432788105267395,4,617.67881935104,0,0,0.0927262713804076,"Kep"
2007,0.123444399958846,4,617.67881935104,0,0.085094568514433,0.16179423140326,"Kep"
2008,1e-07,4,617.67881935104,0,0,0.0419941468060785,"Kep"
2009,0.0246116884411418,4,617.67881935104,0,0,0.0738669179213497,"Kep"
2010,0.10401234122132,4,617.67881935104,0,0.0663937281979,0.14163095424474,"Kep"
2011,0.041989687928191,4,617.67881935104,0,0.00430607990716969,0.0796732959492122,"Kep"
2012,0.0487097138810053,4,617.67881935104,0,0.011743008628234,0.0856764191337767,"Kep"
2013,0.0524675712908027,4,617.67881935104,0,0.0172151154394979,0.0877200271421074,"Kep"
2014,1e-07,4,617.67881935104,0,0,0.0423279736190923,"Kep"
2015,0.0534014228501545,4,617.67881935104,0,0.00843056741781046,0.0983722782824985,"Kep"
2016,0.0682949982425154,4,617.67881935104,0,0.0306605514261308,0.1059294450589,"Kep"
2017,0.0300689828214673,4,617.67881935104,0,0.00356452646008511,0.0565734391828495,"Kep"
2018,0.0442389207299125,4,617.67881935104,0,0.0174143681607094,0.0710634732991156,"Kep"
2019,0.0406908530142762,4,617.67881935104,0,0.0233605120561633,0.058021193972389,"Kep"
2020,0.0177816114123448,4,617.67881935104,0,0,0.069524316393768,"Kep"
1990,1e-07,4,1201.22995252361,0,0,0.317749239079479,"Koh Kong"
1991,0.14899060041634,4,1201.22995252361,0,0,0.390082634247982,"Koh Kong"
1992,0.0368527415882087,4,1201.22995252361,0,0,0.237527584341498,"Koh Kong"
1993,0.03653868096682,4,1201.22995252361,0,0,0.212295615352878,"Koh Kong"
1994,0.0827677137573783,4,1201.22995252361,0,0,0.237986881850355,"Koh Kong"
1995,0.101652441447815,4,1201.22995252361,0,0,0.235947895864439,"Koh Kong"
1996,0.0916961863588824,4,1201.22995252361,0,0,0.206999476920504,"Koh Kong"
1997,0.118016107453097,4,1201.22995252361,0,0.0192701552685169,0.216762059637677,"Koh Kong"
1998,0.104473162450287,4,1201.22995252361,0,0.0200253165797039,0.18892100832087,"Koh Kong"
1999,0.0784478490985617,4,1201.22995252361,0,0.00469823055336231,0.152197467643761,"Koh Kong"
2000,0.097317907156702,4,1201.22995252361,0,0.0326187862218534,0.162017028091551,"Koh Kong"
2001,0.0970603224892072,4,1201.22995252361,0,0.0431468335290086,0.150973811449406,"Koh Kong"
2002,0.0749760558718331,4,1201.22995252361,0,0.0359974807318542,0.113954631011812,"Koh Kong"
2003,0.0959986491233733,4,1201.22995252361,0,0.0609375907085776,0.131059707538169,"Koh Kong"
2004,0.081238081185045,4,1201.22995252361,0,0.0468655386529808,0.115610623717109,"Koh Kong"
2005,0.115245139974347,4,1201.22995252361,0,0.0870873768468479,0.143402903101847,"Koh Kong"
2006,0.0667555537901937,4,1201.22995252361,0,0.0398631239505367,0.0936479836298507,"Koh Kong"
2007,0.10408358615498,4,1201.22995252361,0,0.0800965183166126,0.128070653993348,"Koh Kong"
2008,0.0629681411152587,4,1201.22995252361,0,0.0370080426846451,0.0889282395458723,"Koh Kong"
2009,0.0985282370264631,4,1201.22995252361,0,0.0725962830099865,0.12446019104294,"Koh Kong"
2010,0.123451915274425,4,1201.22995252361,0,0.100691037647619,0.146212792901232,"Koh Kong"
2011,0.0438431263245024,4,1201.22995252361,0,0.0209591136452404,0.0667271390037645,"Koh Kong"
2012,0.113523462524019,4,1201.22995252361,0,0.0926381554623876,0.13440876958565,"Koh Kong"
2013,0.0697404138120348,4,1201.22995252361,0,0.0537004439058685,0.0857803837182012,"Koh Kong"
2014,1e-07,4,1201.22995252361,0,0,0.0300178036591785,"Koh Kong"
2015,0.0723794290261315,4,1201.22995252361,0,0.0397567243253162,0.105002133726947,"Koh Kong"
2016,0.0222960131314912,4,1201.22995252361,0,0,0.0511861442631952,"Koh Kong"
2017,0.0683718741080321,4,1201.22995252361,0,0.0428285368216244,0.0939152113944398,"Koh Kong"
2018,0.0660003916149954,4,1201.22995252361,0,0.0462695074504819,0.0857312757795089,"Koh Kong"
2019,0.089219453599068,4,1201.22995252361,0,0.0749173148333609,0.103521592364775,"Koh Kong"
2020,0.207232104778483,4,1201.22995252361,0,0.177866017943549,0.236598191613416,"Koh Kong"
1984,0.0618805356629639,4,2446.81687210163,0,0,0.266768757958947,"Kratie"
1985,0.0276792071005358,4,2446.81687210163,0,0,0.219760723485212,"Kratie"
1986,0.0161448915457957,4,2446.81687210163,0,0,0.20229934788193,"Kratie"
1987,0.0342724783921818,4,2446.81687210163,0,0,0.212900323040511,"Kratie"
1988,0.00520279863252774,4,2446.81687210163,0,0,0.17768910398125,"Kratie"
1989,1e-07,4,2446.81687210163,0,0,0.164288292337327,"Kratie"
1990,1e-07,4,2446.81687210163,0,0,0.148452171913786,"Kratie"
1991,0.0759937058400683,4,2446.81687210163,0,0,0.208674620003923,"Kratie"
1992,0.118943631221919,4,2446.81687210163,0,0.00302634056608272,0.234860921877756,"Kratie"
1993,0.0987281696921294,4,2446.81687210163,0,0,0.198377327577524,"Kratie"
1994,0.0747165128697145,4,2446.81687210163,0,0,0.162892469904035,"Kratie"
1995,0.0814397551373045,4,2446.81687210163,0,0.00308789515126053,0.159791615123348,"Kratie"
1996,0.119976970200856,4,2446.81687210163,0,0.0526609338323541,0.187293006569359,"Kratie"
1997,0.0807269460059722,4,2446.81687210163,0,0.0223368829777422,0.139117009034202,"Kratie"
1998,0.0922012361983961,4,2446.81687210163,0,0.0402392810588492,0.144163191337943,"Kratie"
1999,0.0962288391600232,4,2446.81687210163,0,0.0504246594568846,0.142033018863162,"Kratie"
2000,0.0714565913295741,4,2446.81687210163,0,0.0310488049041582,0.11186437775499,"Kratie"
2001,0.0967762250254749,4,2446.81687210163,0,0.0619340051401917,0.131618444910758,"Kratie"
2002,0.164020127684437,4,2446.81687210163,0,0.140270469362485,0.187769786006389,"Kratie"
2003,0.149257226277172,4,2446.81687210163,0,0.130421580923177,0.168092871631167,"Kratie"
2004,0.0571032636636628,4,2446.81687210163,0,0.0392221917409352,0.0749843355863904,"Kratie"
2005,0.0647647023706944,4,2446.81687210163,0,0.0443216365290506,0.0852077682123383,"Kratie"
2006,0.0988117872949527,4,2446.81687210163,0,0.0805062056235389,0.117117368966366,"Kratie"
2007,0.120066855978723,4,2446.81687210163,0,0.1036783256816,0.136455386275846,"Kratie"
2008,0.0660918471308325,4,2446.81687210163,0,0.0481780595662896,0.0840056346953754,"Kratie"
2009,0.143430914788394,4,2446.81687210163,0,0.126586412231318,0.16027541734547,"Kratie"
2010,0.062988709601439,4,2446.81687210163,0,0.0467971345874507,0.0791802846154273,"Kratie"
2011,0.0789689018272597,4,2446.81687210163,0,0.06237940187458,0.0955584017799394,"Kratie"
2012,0.0740482452138983,4,2446.81687210163,0,0.0585045125436612,0.0895919778841353,"Kratie"
2013,0.0739177359200176,4,2446.81687210163,0,0.05714809315554,0.0906873786844952,"Kratie"
2014,0.0301463175009091,4,2446.81687210163,0,0.0116651528033899,0.0486274821984283,"Kratie"
2015,0.0957378423224,4,2446.81687210163,0,0.0797596820670911,0.111716002577709,"Kratie"
2016,0.0325266993417048,4,2446.81687210163,0,0.0184555997793773,0.0465977989040323,"Kratie"
2017,0.030318183142282,4,2446.81687210163,0,0.0142801825241863,0.0463561837603776,"Kratie"
2018,0.0985224409910513,4,2446.81687210163,0,0.0840750468842147,0.112969835097888,"Kratie"
2019,0.074415609830397,4,2446.81687210163,0,0.0645072362192407,0.0843239834415533,"Kratie"
2020,0.0410934655192131,4,2446.81687210163,0,0.0303384820581078,0.0518484489803183,"Kratie"
1989,0.0169526571327294,4,1079.02689368289,0,0,0.068100020094708,"Mondul Kiri"
1990,0.0360224005494914,4,1079.02689368289,0,0,0.0852727288594086,"Mondul Kiri"
1991,0.0251263794348889,4,1079.02689368289,0,0,0.0723156563962147,"Mondul Kiri"
1992,0.0228721051949611,4,1079.02689368289,0,0,0.0685455034722318,"Mondul Kiri"
1993,0.0240255985691104,4,1079.02689368289,0,0,0.0682083180362866,"Mondul Kiri"
1994,0.0196031613663422,4,1079.02689368289,0,0,0.0621717391599477,"Mondul Kiri"
1995,0.0318197853697975,4,1079.02689368289,0,0,0.0727111149553481,"Mondul Kiri"
1996,0.0259050934836657,4,1079.02689368289,0,0,0.0652336436298425,"Mondul Kiri"
1997,0.0245062215163183,4,1079.02689368289,0,0,0.062449233290055,"Mondul Kiri"
1998,0.0296362337358676,4,1079.02689368289,0,0,0.0659090084639144,"Mondul Kiri"
1999,0.0287169688939975,4,1079.02689368289,0,0,0.063227227194623,"Mondul Kiri"
2000,0.0359357665595651,4,1079.02689368289,0,0.00319189037351482,0.0686796427456153,"Mondul Kiri"
2001,0.0296221631541024,4,1079.02689368289,0,0,0.0609157122561144,"Mondul Kiri"
2002,0.0409877698266118,4,1079.02689368289,0,0.0119704431471623,0.0700050965060613,"Mondul Kiri"
2003,0.023791437124318,4,1079.02689368289,0,0,0.0500751516660402,"Mondul Kiri"
2004,0.0230344567087139,4,1079.02689368289,0,0,0.0492262247800292,"Mondul Kiri"
2005,0.0272988337516438,4,1079.02689368289,0,0.00140343172562338,0.0531942357776643,"Mondul Kiri"
2006,0.0359340421663875,4,1079.02689368289,0,0.0127287834482411,0.0591393008845339,"Mondul Kiri"
2007,0.0322819748451127,4,1079.02689368289,0,0.0125582263091277,0.0520057233810976,"Mondul Kiri"
2008,0.0530630177446632,4,1079.02689368289,0,0.0348024861483382,0.0713235493409883,"Mondul Kiri"
2009,1e-07,4,1079.02689368289,0,0,0.01995893733195,"Mondul Kiri"
2010,0.0253112655612194,4,1079.02689368289,0,0.0046412225579545,0.0459813085644842,"Mondul Kiri"
2011,0.0452567270533896,4,1079.02689368289,0,0.0279047849720738,0.0626086691347053,"Mondul Kiri"
2012,0.0422866233687408,4,1079.02689368289,0,0.0278152900078893,0.0567579567295923,"Mondul Kiri"
2013,1e-07,4,1079.02689368289,0,0,0.0170174500364615,"Mondul Kiri"
2014,0.0258150777651871,4,1079.02689368289,0,0.00739765038813292,0.0442325051422414,"Mondul Kiri"
2015,0.051097289774932,4,1079.02689368289,0,0.0352152011905543,0.0669793783593097,"Mondul Kiri"
2016,0.0729299482798581,4,1079.02689368289,0,0.0626497527332082,0.0832101438265081,"Mondul Kiri"
2017,1e-07,4,1079.02689368289,0,0,0.0126583594441816,"Mondul Kiri"
2018,0.0307818431119454,4,1079.02689368289,0,0.0166259747217861,0.0449377115021047,"Mondul Kiri"
2019,0.0448778076558686,4,1079.02689368289,0,0.0361232960008456,0.0536323193108916,"Mondul Kiri"
2020,0.182162121060993,4,1079.02689368289,0,0.107476917279379,0.256847324842607,"Mondul Kiri"
1991,0.104877327240928,4,2554.17919450292,0,0.00909087936350952,0.200663775118347,"Otdar Meanchey"
1992,0.0969099029434309,4,2554.17919450292,0,0.0134643602802009,0.180355445606661,"Otdar Meanchey"
1993,0.0620683189954758,4,2554.17919450292,0,0,0.136246685397822,"Otdar Meanchey"
1994,0.08600946992937,4,2554.17919450292,0,0.0193535061632594,0.152665433695481,"Otdar Meanchey"
1995,0.0894303986562695,4,2554.17919450292,0,0.0304518952722485,0.14840890204029,"Otdar Meanchey"
1996,0.0856940891324123,4,2554.17919450292,0,0.0336209960874408,0.137767182177384,"Otdar Meanchey"
1997,0.0862738860425224,4,2554.17919450292,0,0.0398281370043421,0.132719635080703,"Otdar Meanchey"
1998,0.0818036234876548,4,2554.17919450292,0,0.0401990551292723,0.123408191846037,"Otdar Meanchey"
1999,0.0879044579430028,4,2554.17919450292,0,0.0507152364554844,0.125093679430521,"Otdar Meanchey"
2000,0.0887107287999871,4,2554.17919450292,0,0.0559167074489176,0.121504750151057,"Otdar Meanchey"
2001,0.101049844498959,4,2554.17919450292,0,0.0728638850723012,0.129235803925617,"Otdar Meanchey"
2002,0.0855786666215201,4,2554.17919450292,0,0.0635504306558494,0.107606902587191,"Otdar Meanchey"
2003,0.0953182027422674,4,2554.17919450292,0,0.079968728297478,0.110667677187057,"Otdar Meanchey"
2004,0.0919925438726595,4,2554.17919450292,0,0.07506358805454,0.108921499690779,"Otdar Meanchey"
2005,0.113965263842612,4,2554.17919450292,0,0.0971619668785477,0.130768560806676,"Otdar Meanchey"
2006,0.0917512546659516,4,2554.17919450292,0,0.0763783192235685,0.107124190108335,"Otdar Meanchey"
2007,0.124362748148946,4,2554.17919450292,0,0.11199203266925,0.136733463628641,"Otdar Meanchey"
2008,0.0882911870389667,4,2554.17919450292,0,0.0766024427721163,0.0999799313058171,"Otdar Meanchey"
2009,0.102437065412872,4,2554.17919450292,0,0.088112774695548,0.116761356130195,"Otdar Meanchey"
2010,0.0932119728929241,4,2554.17919450292,0,0.0797200374818213,0.106703908304027,"Otdar Meanchey"
2011,0.0776601750919935,4,2554.17919450292,0,0.0662827256450242,0.0890376245389627,"Otdar Meanchey"
2012,0.0936333195333226,4,2554.17919450292,0,0.0849114947111502,0.102355144355495,"Otdar Meanchey"
2013,0.0757561804416768,4,2554.17919450292,0,0.0675435474553267,0.0839688134280269,"Otdar Meanchey"
2014,0.0334278433488728,4,2554.17919450292,0,0.0213474240502736,0.0455082626474721,"Otdar Meanchey"
2015,0.0824289196570774,4,2554.17919450292,0,0.0715608601443352,0.0932969791698196,"Otdar Meanchey"
2016,0.0613405859592671,4,2554.17919450292,0,0.0521443263873449,0.0705368455311893,"Otdar Meanchey"
2017,0.0318373897941202,4,2554.17919450292,0,0.0222679196229259,0.0414068599653145,"Otdar Meanchey"
2018,0.0753592307615896,4,2554.17919450292,0,0.0664178474368381,0.084300614086341,"Otdar Meanchey"
2019,0.086851817482126,4,2554.17919450292,0,0.0806522793935947,0.0930513555706573,"Otdar Meanchey"
2020,0.0183560239457308,4,2554.17919450292,0,0.0105452125636656,0.026166835327796,"Otdar Meanchey"
1996,0.023946472833468,4,1277.56968736837,0,0,0.127815112878385,"Pailin"
1997,1e-07,4,1277.56968736837,0,0,0.096291633080769,"Pailin"
1998,0.0351365742078937,4,1277.56968736837,0,0,0.124627264357206,"Pailin"
1999,0.0740448466587899,4,1277.56968736837,0,0,0.15731301391779,"Pailin"
2000,0.054492517444057,4,1277.56968736837,0,0,0.129914231455612,"Pailin"
2001,0.0790861222077378,4,1277.56968736837,0,0.0105829751023846,0.147589269313091,"Pailin"
2002,0.0603896687186957,4,1277.56968736837,0,0,0.123066720923392,"Pailin"
2003,0.0583950678681534,4,1277.56968736837,0,0.000803896183309061,0.115986239552998,"Pailin"
2004,0.0823042035803353,4,1277.56968736837,0,0.0335585820100162,0.131049825150654,"Pailin"
2005,0.110456866055406,4,1277.56968736837,0,0.0741172518139385,0.146796480296873,"Pailin"
2006,0.121432538108688,4,1277.56968736837,0,0.0918790355615921,0.150986040655784,"Pailin"
2007,0.0880984082962598,4,1277.56968736837,0,0.0632317118127312,0.112965104779788,"Pailin"
2008,0.054102033059501,4,1277.56968736837,0,0.0294764546395066,0.0787276114794954,"Pailin"
2009,0.087935067350682,4,1277.56968736837,0,0.0609056221181356,0.114964512583228,"Pailin"
2010,0.104247863302032,4,1277.56968736837,0,0.0815288671042825,0.126966859499782,"Pailin"
2011,0.0623859745100565,4,1277.56968736837,0,0.0442314834509465,0.0805404655691664,"Pailin"
2012,0.0874706274079008,4,1277.56968736837,0,0.0712525156027581,0.103688739213043,"Pailin"
2013,0.0536858668466659,4,1277.56968736837,0,0.0382188460789619,0.06915288761437,"Pailin"
2014,0.0304897863379265,4,1277.56968736837,0,0.0129070749451496,0.0480724977307034,"Pailin"
2015,0.0447217624370211,4,1277.56968736837,0,0.0255198176704405,0.0639237072036016,"Pailin"
2016,0.0138934540300518,4,1277.56968736837,0,0,0.0360279101338159,"Pailin"
2017,0.0206665773773606,4,1277.56968736837,0,0,0.04703304151715,"Pailin"
2018,0.0722307617739303,4,1277.56968736837,0,0.0496135440740967,0.094847979473764,"Pailin"
2019,0.101173825164945,4,1277.56968736837,0,0.0886068805115521,0.113740769818339,"Pailin"
2020,0.0537682051385934,4,1277.56968736837,0,0.0365492334781911,0.0709871767989958,"Pailin"
1985,0.0723546432709898,4,10666.6687831678,0,0,0.230933336984275,"Phnom Penh"
1986,0.0137650762450856,4,10666.6687831678,0,0,0.157870518951592,"Phnom Penh"
1987,0.00107949030806865,4,10666.6687831678,0,0,0.133352863795134,"Phnom Penh"
1988,0.0505274245227762,4,10666.6687831678,0,0,0.169225293139226,"Phnom Penh"
1989,0.271637810799325,4,10666.6687831678,0,0.177305373996313,0.365970247602337,"Phnom Penh"
1990,0.291979073839955,4,10666.6687831678,0,0.228363317844566,0.355594829835344,"Phnom Penh"
1991,0.244093159537108,4,10666.6687831678,0,0.200786064773324,0.287400254300893,"Phnom Penh"
1992,0.1619664201484,4,10666.6687831678,0,0.129746198666574,0.194186641630227,"Phnom Penh"
1993,0.169833258317317,4,10666.6687831678,0,0.144208795862796,0.195457720771839,"Phnom Penh"
1994,0.14348435280345,4,10666.6687831678,0,0.122805418086876,0.164163287520025,"Phnom Penh"
1995,0.120786160587691,4,10666.6687831678,0,0.103490837082503,0.13808148409288,"Phnom Penh"
1996,0.109630942920758,4,10666.6687831678,0,0.0948249848588585,0.124436900982658,"Phnom Penh"
1997,0.0950615278842061,4,10666.6687831678,0,0.0821560965897831,0.107966959178629,"Phnom Penh"
1998,0.0825627671547054,4,10666.6687831678,0,0.0711392360898572,0.0939862982195535,"Phnom Penh"
1999,0.0772889374200317,4,10666.6687831678,0,0.0671074542109542,0.0874704206291093,"Phnom Penh"
2000,0.0776772137722949,4,10666.6687831678,0,0.0686268164301366,0.0867276111144531,"Phnom Penh"
2001,0.0874142743540561,4,10666.6687831678,0,0.0796905137712102,0.095138034936902,"Phnom Penh"
2002,0.065391391685586,4,10666.6687831678,0,0.0599055313214692,0.0708772520497028,"Phnom Penh"
2003,0.0865595976254666,4,10666.6687831678,0,0.0814452598482611,0.091673935402672,"Phnom Penh"
2004,0.103691922263768,4,10666.6687831678,0,0.0984939426220766,0.10888990190546,"Phnom Penh"
2005,0.100571014972587,4,10666.6687831678,0,0.0954281807388096,0.105713849206365,"Phnom Penh"
2006,0.106021053377194,4,10666.6687831678,0,0.101589314034486,0.110452792719903,"Phnom Penh"
2007,0.0896166262568523,4,10666.6687831678,0,0.0859908411995196,0.0932424113141851,"Phnom Penh"
2008,0.0916979899084399,4,10666.6687831678,0,0.0874298451957638,0.0959661346211159,"Phnom Penh"
2009,0.0978407610054516,4,10666.6687831678,0,0.093412060642559,0.102269461368344,"Phnom Penh"
2010,0.119480454087221,4,10666.6687831678,0,0.115273300443066,0.123687607731375,"Phnom Penh"
2011,0.0608968289328713,4,10666.6687831678,0,0.0571952865954843,0.0645983712702583,"Phnom Penh"
2012,0.077602135925632,4,10666.6687831678,0,0.0740028801931145,0.0812013916581494,"Phnom Penh"
2013,0.0685902726421554,4,10666.6687831678,0,0.0647303097562824,0.0724502355280283,"Phnom Penh"
2014,0.0571952148546787,4,10666.6687831678,0,0.0530062004871574,0.0613842292222,"Phnom Penh"
2015,0.0570243213977776,4,10666.6687831678,0,0.0531771872916766,0.0608714555038787,"Phnom Penh"
2016,0.0530714204455634,4,10666.6687831678,0,0.0495833269924709,0.0565595138986558,"Phnom Penh"
2017,0.0398775478366839,4,10666.6687831678,0,0.0367542990232173,0.0430007966501505,"Phnom Penh"
2018,0.0847306069675616,4,10666.6687831678,0,0.0819548976468301,0.0875063162882932,"Phnom Penh"
2019,0.125170425945989,4,10666.6687831678,0,0.122484533085753,0.127856318806225,"Phnom Penh"
2020,0.138784920354581,4,10666.6687831678,0,0.133914287342451,0.143655553366711,"Phnom Penh"
1990,1e-07,4,9877.78522246471,0,0,0.0488166687338145,"Preah Sihanouk"
1991,1e-07,4,9877.78522246471,0,0,0.0421979771345386,"Preah Sihanouk"
1992,1e-07,4,9877.78522246471,0,0,0.0420293325496335,"Preah Sihanouk"
1993,0.00530516947418435,4,9877.78522246471,0,0,0.0461246060315535,"Preah Sihanouk"
1994,0.0152328871705902,4,9877.78522246471,0,0,0.0543013926475743,"Preah Sihanouk"
1995,0.0274039967990739,4,9877.78522246471,0,0,0.0646640956154026,"Preah Sihanouk"
1996,0.0510601294392651,4,9877.78522246471,0,0.016021939159784,0.0860983197187462,"Preah Sihanouk"
1997,0.032717662225695,4,9877.78522246471,0,0,0.0654486334188079,"Preah Sihanouk"
1998,0.0575609558384971,4,9877.78522246471,0,0.0269957872960633,0.0881261243809309,"Preah Sihanouk"
1999,0.0445985742699458,4,9877.78522246471,0,0.0161150097054526,0.0730821388344391,"Preah Sihanouk"
2000,0.0422983157379726,4,9877.78522246471,0,0.0155876853605503,0.0690089461153949,"Preah Sihanouk"
2001,0.0608925549529016,4,9877.78522246471,0,0.0361933172191656,0.0855917926866375,"Preah Sihanouk"
2002,0.0924468648654385,4,9877.78522246471,0,0.0725039208918181,0.112389808839059,"Preah Sihanouk"
2003,0.0627670973574646,4,9877.78522246471,0,0.0472691982470192,0.0782649964679099,"Preah Sihanouk"
2004,0.0551209788064147,4,9877.78522246471,0,0.0410168682540994,0.0692250893587299,"Preah Sihanouk"
2005,0.0845714985635863,4,9877.78522246471,0,0.0724497127800257,0.0966932843471469,"Preah Sihanouk"
2006,0.0173124464450091,4,9877.78522246471,0,0.0075327157776408,0.0270921771123774,"Preah Sihanouk"
2007,0.120847752388124,4,9877.78522246471,0,0.110903570139203,0.130791934637044,"Preah Sihanouk"
2008,0.00367856604308017,4,9877.78522246471,0,0.00104659202125718,0.00631054006490315,"Preah Sihanouk"
2009,0.0511587826319435,4,9877.78522246471,0,0.0428904227688854,0.0594271424950016,"Preah Sihanouk"
2010,0.0652898948736075,4,9877.78522246471,0,0.0561888648833718,0.0743909248638432,"Preah Sihanouk"
2011,0.0307120289947211,4,9877.78522246471,0,0.0223697841029297,0.0390542738865125,"Preah Sihanouk"
2012,0.0773778220258578,4,9877.78522246471,0,0.0696423502063177,0.085113293845398,"Preah Sihanouk"
2013,0.00853380839035476,4,9877.78522246471,0,0.00509569066410689,0.0119719261166026,"Preah Sihanouk"
2014,0.00614370966617395,4,9877.78522246471,0,0.00231412004654845,0.00997329928579945,"Preah Sihanouk"
2015,0.0189446530651919,4,9877.78522246471,0,0.012344011435161,0.0255452946952229,"Preah Sihanouk"
2016,0.0387815432614749,4,9877.78522246471,0,0.030595787611129,0.0469672989118208,"Preah Sihanouk"
2017,0.0202494370069952,4,9877.78522246471,0,0.012043893248546,0.0284549807654444,"Preah Sihanouk"
2018,0.0743224952280718,4,9877.78522246471,0,0.0663887467912601,0.0822562436648834,"Preah Sihanouk"
2019,0.0442669268709921,4,9877.78522246471,0,0.0397954986541948,0.0487383550877894,"Preah Sihanouk"
2020,0.0291218528742366,4,9877.78522246471,0,0.0233510366273794,0.0348926691210937,"Preah Sihanouk"
1989,0.0358257048377663,4,4499.55498896175,0,0,0.123240603487174,"Preah Vihear"
1990,0.0112367983667137,4,4499.55498896175,0,0,0.0946642616375297,"Preah Vihear"
1991,0.0255998489615382,4,4499.55498896175,0,0,0.105828806770371,"Preah Vihear"
1992,1e-07,4,4499.55498896175,0,0,0.0759025519771821,"Preah Vihear"
1993,0.0389073320954758,4,4499.55498896175,0,0,0.1098377478668,"Preah Vihear"
1994,1e-07,4,4499.55498896175,0,0,0.0674385096198911,"Preah Vihear"
1995,0.0622622813108869,4,4499.55498896175,0,0,0.125551504574423,"Preah Vihear"
1996,0.0403950997506053,4,4499.55498896175,0,0,0.0989248306402843,"Preah Vihear"
1997,0.054281649309579,4,4499.55498896175,0,0,0.108609226902066,"Preah Vihear"
1998,0.0544339472722896,4,4499.55498896175,0,0.00378719354560952,0.10508070099897,"Preah Vihear"
1999,0.0795642444868022,4,4499.55498896175,0,0.0328007717784612,0.126327717195143,"Preah Vihear"
2000,0.0768140684217626,4,4499.55498896175,0,0.0346742470531718,0.118953889790353,"Preah Vihear"
2001,0.0944923779580009,4,4499.55498896175,0,0.0570565854115287,0.131928170504473,"Preah Vihear"
2002,0.138013853916517,4,4499.55498896175,0,0.109621896429694,0.16640581140334,"Preah Vihear"
2003,0.039690233493303,4,4499.55498896175,0,0.0161729003725393,0.0632075666140667,"Preah Vihear"
2004,0.112604700784321,4,4499.55498896175,0,0.0887831096763513,0.13642629189229,"Preah Vihear"
2005,0.0697654719686078,4,4499.55498896175,0,0.0480287859084522,0.0915021580287633,"Preah Vihear"
2006,0.111828906655346,4,4499.55498896175,0,0.0919597651743704,0.131698048136322,"Preah Vihear"
2007,0.120465850402772,4,4499.55498896175,0,0.104210174016494,0.13672152678905,"Preah Vihear"
2008,0.0732124092475841,4,4499.55498896175,0,0.0601359877593232,0.086288830735845,"Preah Vihear"
2009,0.0521115900255109,4,4499.55498896175,0,0.0371302396464258,0.067092940404596,"Preah Vihear"
2010,0.0805212795220763,4,4499.55498896175,0,0.0659498381378838,0.0950927209062689,"Preah Vihear"
2011,0.0633023312462688,4,4499.55498896175,0,0.0502278748108079,0.0763767876817297,"Preah Vihear"
2012,0.111153046974076,4,4499.55498896175,0,0.100665244392748,0.121640849555405,"Preah Vihear"
2013,0.0807043498629654,4,4499.55498896175,0,0.0730734278076025,0.0883352719183283,"Preah Vihear"
2014,0.0200687882234595,4,4499.55498896175,0,0.0123437539242572,0.0277938225226618,"Preah Vihear"
2015,0.0676043794437198,4,4499.55498896175,0,0.0588822592973387,0.076326499590101,"Preah Vihear"
2016,0.0659286055445843,4,4499.55498896175,0,0.0584402659380297,0.073416945151139,"Preah Vihear"
2017,0.0171832813811741,4,4499.55498896175,0,0.00978329713426085,0.0245832656280873,"Preah Vihear"
2018,0.0677226437849113,4,4499.55498896175,0,0.0599979410531735,0.075447346516649,"Preah Vihear"
2019,0.0657253133779229,4,4499.55498896175,0,0.060355450494366,0.0710951762614797,"Preah Vihear"
2020,0.0306794046155931,4,4499.55498896175,0,0.0229701472164418,0.0383886620147445,"Preah Vihear"
1985,0.0324681287799381,4,4680.48411218648,0,0,0.230440364997864,"Prey Veng"
1986,0.000222893124487058,4,4680.48411218648,0,0,0.188498228331064,"Prey Veng"
1987,1e-07,4,4680.48411218648,0,0,0.184327022197114,"Prey Veng"
1988,1e-07,4,4680.48411218648,0,0,0.164994091461108,"Prey Veng"
1989,0.0350911505077966,4,4680.48411218648,0,0,0.179126243281847,"Prey Veng"
1990,0.0898918665830248,4,4680.48411218648,0,0,0.217779106922555,"Prey Veng"
1991,0.240349729030085,4,4680.48411218648,0,0.141882384099556,0.338817073960614,"Prey Veng"
1992,0.17350230713789,4,4680.48411218648,0,0.101885553320618,0.245119060955162,"Prey Veng"
1993,0.188431687506105,4,4680.48411218648,0,0.132859212890121,0.244004162122089,"Prey Veng"
1994,0.178347608168423,4,4680.48411218648,0,0.135119087049403,0.221576129287443,"Prey Veng"
1995,0.161932881652246,4,4680.48411218648,0,0.127559489858285,0.196306273446208,"Prey Veng"
1996,0.119029811376447,4,4680.48411218648,0,0.0906167391118926,0.147442883641002,"Prey Veng"
1997,0.101805902988066,4,4680.48411218648,0,0.0772538624032823,0.126357943572849,"Prey Veng"
1998,0.0987622164005064,4,4680.48411218648,0,0.0772515611888179,0.120272871612195,"Prey Veng"
1999,0.101003209779905,4,4680.48411218648,0,0.0822029757803377,0.119803443779472,"Prey Veng"
2000,0.0956262025451448,4,4680.48411218648,0,0.0792727237281761,0.111979681362113,"Prey Veng"
2001,0.100359968112435,4,4680.48411218648,0,0.0866349581661062,0.114084978058764,"Prey Veng"
2002,0.0705990624412216,4,4680.48411218648,0,0.0605106616733121,0.0806874632091311,"Prey Veng"
2003,0.0938247456321519,4,4680.48411218648,0,0.0844698442918905,0.103179646972413,"Prey Veng"
2004,0.0903786902147981,4,4680.48411218648,0,0.0826530268221737,0.0981043536074226,"Prey Veng"
2005,0.103087872239231,4,4680.48411218648,0,0.0948005118198476,0.111375232658615,"Prey Veng"
2006,0.0983024314930116,4,4680.48411218648,0,0.0913527574345285,0.105252105551495,"Prey Veng"
2007,0.0797924011557176,4,4680.48411218648,0,0.074623566311051,0.0849612360003842,"Prey Veng"
2008,0.10221656115621,4,4680.48411218648,0,0.0946237089757218,0.109809413336698,"Prey Veng"
2009,0.0729346669100618,4,4680.48411218648,0,0.0652536355380076,0.0806156982821161,"Prey Veng"
2010,0.0830878352045417,4,4680.48411218648,0,0.0759774708947058,0.0901981995143777,"Prey Veng"
2011,0.0660769581691294,4,4680.48411218648,0,0.0601299862600805,0.0720239300781783,"Prey Veng"
2012,0.0962908820795181,4,4680.48411218648,0,0.0912521962244138,0.101329567934622,"Prey Veng"
2013,0.0639620586938038,4,4680.48411218648,0,0.0581859284044122,0.0697381889831955,"Prey Veng"
2014,0.058406498473308,4,4680.48411218648,0,0.0502868154219088,0.0665261815247072,"Prey Veng"
2015,0.0708431163800019,4,4680.48411218648,0,0.0630639337696828,0.078622298990321,"Prey Veng"
2016,0.0441251094092624,4,4680.48411218648,0,0.0368914356998025,0.0513587831187224,"Prey Veng"
2017,0.0353318883864981,4,4680.48411218648,0,0.0277729807340483,0.0428907960389479,"Prey Veng"
2018,0.0695752895681406,4,4680.48411218648,0,0.0626335419107528,0.0765170372255284,"Prey Veng"
2019,0.082536966558795,4,4680.48411218648,0,0.0770160691914775,0.0880578639261124,"Prey Veng"
2020,0.11280021514537,4,4680.48411218648,0,0.100989597948505,0.124610832342235,"Prey Veng"
1989,1e-07,4,2018.59751225937,0,0,0.164406830361982,"Pursat"
1990,1e-07,4,2018.59751225937,0,0,0.13679339064637,"Pursat"
1991,1e-07,4,2018.59751225937,0,0,0.119091530362502,"Pursat"
1992,0.0169058145279745,4,2018.59751225937,0,0,0.127223463754713,"Pursat"
1993,0.0937390956298564,4,2018.59751225937,0,0,0.195073086694511,"Pursat"
1994,0.0781950168452022,4,2018.59751225937,0,0,0.168211281851148,"Pursat"
1995,0.0822063039272687,4,2018.59751225937,0,0.00212445500353232,0.162288152851005,"Pursat"
1996,0.0666239901881387,4,2018.59751225937,0,0,0.138441811455801,"Pursat"
1997,0.0753655237638171,4,2018.59751225937,0,0.0102325782794986,0.140498469248136,"Pursat"
1998,0.0955674858625533,4,2018.59751225937,0,0.0375680709251549,0.153566900799952,"Pursat"
1999,0.128490820081173,4,2018.59751225937,0,0.0783964943046141,0.178585145857732,"Pursat"
2000,0.0717966986143105,4,2018.59751225937,0,0.0283239972611672,0.115269399967454,"Pursat"
2001,0.0722925015189922,4,2018.59751225937,0,0.0339742869301215,0.110610716107863,"Pursat"
2002,0.063707913918065,4,2018.59751225937,0,0.0328836468847051,0.0945321809514249,"Pursat"
2003,0.0802102516682334,4,2018.59751225937,0,0.0547452304654148,0.105675272871052,"Pursat"
2004,0.122578911770862,4,2018.59751225937,0,0.102245249913728,0.142912573627997,"Pursat"
2005,0.107180656750634,4,2018.59751225937,0,0.089190845965814,0.125170467535454,"Pursat"
2006,0.0106835429747856,4,2018.59751225937,0,0,0.0357448275173503,"Pursat"
2007,0.131565339287243,4,2018.59751225937,0,0.108143840047236,0.154986838527251,"Pursat"
2008,0.0959398649429378,4,2018.59751225937,0,0.0793984101805797,0.112481319705296,"Pursat"
2009,0.101469480143043,4,2018.59751225937,0,0.0875240062209361,0.115414954065149,"Pursat"
2010,0.0376549820693644,4,2018.59751225937,0,0.0242644035849227,0.0510455605538061,"Pursat"
2011,0.0384485559650867,4,2018.59751225937,0,0.0202834895105894,0.0566136224195839,"Pursat"
2012,0.0758188568254746,4,2018.59751225937,0,0.05820857778003,0.0934291358709193,"Pursat"
2013,0.0811908452314601,4,2018.59751225937,0,0.0675846950230919,0.0947969954398283,"Pursat"
2014,0.0100440848847602,4,2018.59751225937,0,0.00140875691898018,0.0186794128505403,"Pursat"
2015,0.0328870116114227,4,2018.59751225937,0,0.01789759187447,0.0478764313483754,"Pursat"
2016,0.0437438453434095,4,2018.59751225937,0,0.026900753045,0.0605869376418191,"Pursat"
2017,0.0481783044143693,4,2018.59751225937,0,0.032919394894288,0.0634372139344506,"Pursat"
2018,0.0534113119093093,4,2018.59751225937,0,0.0403553687710141,0.0664672550476045,"Pursat"
2019,0.0627592073441902,4,2018.59751225937,0,0.0532888977247357,0.0722295169636447,"Pursat"
2020,0.0141518565788641,4,2018.59751225937,0,0.00742855046687883,0.0208751626908493,"Pursat"
1993,0.0205846309292877,4,1861.75206005279,0,0,0.0818195012537739,"Ratanak Kiri"
1994,0.0260209588638764,4,1861.75206005279,0,0,0.0849222321126662,"Ratanak Kiri"
1995,0.037988182339258,4,1861.75206005279,0,0,0.0939641993324412,"Ratanak Kiri"
1996,0.0388415398047748,4,1861.75206005279,0,0,0.0912262279493989,"Ratanak Kiri"
1997,0.0413278418054749,4,1861.75206005279,0,0,0.0906334808396469,"Ratanak Kiri"
1998,0.0443001865625309,4,1861.75206005279,0,0,0.0907298191610432,"Ratanak Kiri"
1999,0.0282143118965385,4,1861.75206005279,0,0,0.0721724251706492,"Ratanak Kiri"
2000,0.0228807412161478,4,1861.75206005279,0,0,0.0648084377701809,"Ratanak Kiri"
2001,0.046163107049965,4,1861.75206005279,0,0.00665696380537007,0.08566925029456,"Ratanak Kiri"
2002,0.0444615616508319,4,1861.75206005279,0,0.0079101692133388,0.0810129540883251,"Ratanak Kiri"
2003,0.0667159615668252,4,1861.75206005279,0,0.0358111033027823,0.0976208198308681,"Ratanak Kiri"
2004,0.0541326213932819,4,1861.75206005279,0,0.0283096102962231,0.0799556324903407,"Ratanak Kiri"
2005,0.0465819595499286,4,1861.75206005279,0,0.0195999853729712,0.073563933726886,"Ratanak Kiri"
2006,0.0396246952854943,4,1861.75206005279,0,0.0123135380282517,0.0669358525427369,"Ratanak Kiri"
2007,0.163125376858687,4,1861.75206005279,0,0.142816096015453,0.183434657701921,"Ratanak Kiri"
2008,0.00614404690114433,4,1861.75206005279,0,0.000575316908804756,0.0117127768934839,"Ratanak Kiri"
2009,0.034192226520661,4,1861.75206005279,0,0.0213630830515814,0.0470213699897407,"Ratanak Kiri"
2010,0.0626085758422832,4,1861.75206005279,0,0.0466052517670771,0.0786118999174894,"Ratanak Kiri"
2011,0.0621081704408864,4,1861.75206005279,0,0.0466973986184247,0.0775189422633481,"Ratanak Kiri"
2012,0.0177343825119214,4,1861.75206005279,0,0.00533124987491393,0.0301375151489288,"Ratanak Kiri"
2013,0.0484297410476068,4,1861.75206005279,0,0.0325410252235522,0.0643184568716615,"Ratanak Kiri"
2014,1e-07,4,1861.75206005279,0,0,0.0191414623435614,"Ratanak Kiri"
2015,0.0634168115711715,4,1861.75206005279,0,0.0452289375189796,0.0816046856233635,"Ratanak Kiri"
2016,0.0288993047489501,4,1861.75206005279,0,0.0143706760175648,0.0434279334803354,"Ratanak Kiri"
2017,0.032665482567224,4,1861.75206005279,0,0.0171132948708129,0.0482176702636351,"Ratanak Kiri"
2018,0.0691650554123225,4,1861.75206005279,0,0.055285180268561,0.0830449305560841,"Ratanak Kiri"
2019,0.0694801685876111,4,1861.75206005279,0,0.0609051786903732,0.0780551584848491,"Ratanak Kiri"
2020,0.0157324957662596,4,1861.75206005279,0,0.00878355926492165,0.0226814322675976,"Ratanak Kiri"
1987,0.0281815006625655,4,14191.5388200176,0,0,0.0642070738024335,"Siem Reap"
1988,0.0260550108555063,4,14191.5388200176,0,0,0.0607327492107203,"Siem Reap"
1989,0.0323675468504289,4,14191.5388200176,0,0,0.0656808199969987,"Siem Reap"
1990,0.0455629137158974,4,14191.5388200176,0,0.014368441809698,0.0767573856220969,"Siem Reap"
1991,0.076230849732916,4,14191.5388200176,0,0.0481592292313073,0.104302470234525,"Siem Reap"
1992,0.0375249788031948,4,14191.5388200176,0,0.0123725804915524,0.0626773771148371,"Siem Reap"
1993,0.0797448987892621,4,14191.5388200176,0,0.0569385595116013,0.102551238066923,"Siem Reap"
1994,0.0921364991531782,4,14191.5388200176,0,0.0718774085450104,0.112395589761346,"Siem Reap"
1995,0.105206471314264,4,14191.5388200176,0,0.0875454537775826,0.122867488850945,"Siem Reap"
1996,0.0961408930430352,4,14191.5388200176,0,0.0807024827434923,0.111579303342578,"Siem Reap"
1997,0.0984462577173716,4,14191.5388200176,0,0.084872257737751,0.112020257696992,"Siem Reap"
1998,0.0922771512795414,4,14191.5388200176,0,0.0803221304133273,0.104232172145756,"Siem Reap"
1999,0.0870519733323319,4,14191.5388200176,0,0.0764767028015476,0.0976272438631163,"Siem Reap"
2000,0.0893826930864499,4,14191.5388200176,0,0.0800681474722653,0.0986972387006345,"Siem Reap"
2001,0.0914972710225879,4,14191.5388200176,0,0.0834539456389424,0.0995405964062334,"Siem Reap"
2002,0.0977498585586051,4,14191.5388200176,0,0.0917812697975726,0.103718447319638,"Siem Reap"
2003,0.0935464308423123,4,14191.5388200176,0,0.0887928131630109,0.0983000485216136,"Siem Reap"
2004,0.0773621227938414,4,14191.5388200176,0,0.0716771209045217,0.0830471246831611,"Siem Reap"
2005,0.0851180854112604,4,14191.5388200176,0,0.0794598900448743,0.0907762807776466,"Siem Reap"
2006,0.0900581275670586,4,14191.5388200176,0,0.0852828631071771,0.0948333920269401,"Siem Reap"
2007,0.0952204595726264,4,14191.5388200176,0,0.0916886330976747,0.0987522860475782,"Siem Reap"
2008,0.0850683866940541,4,14191.5388200176,0,0.0813387496224074,0.0887980237657008,"Siem Reap"
2009,0.0785210503354833,4,14191.5388200176,0,0.0744736019155912,0.0825684987553754,"Siem Reap"
2010,0.0791634487236082,4,14191.5388200176,0,0.0751396263147972,0.0831872711324191,"Siem Reap"
2011,0.0734769868861049,4,14191.5388200176,0,0.0696556889359326,0.0772982848362773,"Siem Reap"
2012,0.0807443123702326,4,14191.5388200176,0,0.0777486170359719,0.0837400077044932,"Siem Reap"
2013,0.0778222180215916,4,14191.5388200176,0,0.0748374032451158,0.0808070327980674,"Siem Reap"
2014,0.0367457446356372,4,14191.5388200176,0,0.0329088532199511,0.0405826360513233,"Siem Reap"
2015,0.080419640234199,4,14191.5388200176,0,0.0765983523461012,0.0842409281222968,"Siem Reap"
2016,0.0541587743523996,4,14191.5388200176,0,0.0508786973767882,0.0574388513280111,"Siem Reap"
2017,0.0563753548504209,4,14191.5388200176,0,0.0524993454582125,0.0602513642426293,"Siem Reap"
2018,0.0426691931436846,4,14191.5388200176,0,0.0392315251585821,0.0461068611287871,"Siem Reap"
2019,0.101249461108303,4,14191.5388200176,0,0.098286716531308,0.104212205685298,"Siem Reap"
2020,0.0606576331075298,4,14191.5388200176,0,0.054809367936098,0.0665058982789616,"Siem Reap"
1988,0.0939023507023234,4,1374.78465271121,0,0,0.282522983826244,"Stung Treng"
1989,0.0655727425750236,4,1374.78465271121,0,0,0.234280848956937,"Stung Treng"
1990,0.038739092311055,4,1374.78465271121,0,0,0.195644227909877,"Stung Treng"
1991,0.109964499962252,4,1374.78465271121,0,0,0.251383572391792,"Stung Treng"
1992,0.0671214736405393,4,1374.78465271121,0,0,0.190783077136257,"Stung Treng"
1993,0.134243156440484,4,1374.78465271121,0,0.025910266019476,0.242576046861492,"Stung Treng"
1994,0.0755036309831703,4,1374.78465271121,0,0,0.168687004596021,"Stung Treng"
1995,0.0797687930423328,4,1374.78465271121,0,0,0.163389228491997,"Stung Treng"
1996,0.0978116365316061,4,1374.78465271121,0,0.0244273074143059,0.171195965648906,"Stung Treng"
1997,0.0986218716977734,4,1374.78465271121,0,0.0352527784937973,0.161990964901749,"Stung Treng"
1998,0.0897145189585745,4,1374.78465271121,0,0.0341005329366199,0.145328504980529,"Stung Treng"
1999,0.0451314953930864,4,1374.78465271121,0,0,0.0956827913243932,"Stung Treng"
2000,0.0452862928302136,4,1374.78465271121,0,0,0.0925086561479633,"Stung Treng"
2001,0.103896691629602,4,1374.78465271121,0,0.0613796079804149,0.146413775278789,"Stung Treng"
2002,0.108280971328083,4,1374.78465271121,0,0.0796801737608871,0.136881768895278,"Stung Treng"
2003,0.0527832951818284,4,1374.78465271121,0,0.0289105796551292,0.0766560107085277,"Stung Treng"
2004,1e-07,4,1374.78465271121,0,0,0.0489835006233689,"Stung Treng"
2005,1e-07,4,1374.78465271121,0,0,0.0597946674632686,"Stung Treng"
2006,0.140817370786536,4,1374.78465271121,0,0.0932437331994161,0.188391008373657,"Stung Treng"
2007,0.0323892037638862,4,1374.78465271121,0,0.00352051277616367,0.0612578947516087,"Stung Treng"
2008,0.0918134158480201,4,1374.78465271121,0,0.058455065372331,0.125171766323709,"Stung Treng"
2009,1e-07,4,1374.78465271121,0,0,0.0398651710407587,"Stung Treng"
2010,0.120409506473453,4,1374.78465271121,0,0.0838078347017906,0.157011178245115,"Stung Treng"
2011,0.105874559465984,4,1374.78465271121,0,0.0752359162506457,0.136513202681322,"Stung Treng"
2012,0.0783696723075967,4,1374.78465271121,0,0.0517789232712898,0.104960421343904,"Stung Treng"
2013,0.0878206253652819,4,1374.78465271121,0,0.062897824151957,0.112743426578607,"Stung Treng"
2014,1e-07,4,1374.78465271121,0,0,0.0336073589109139,"Stung Treng"
2015,0.103366595507696,4,1374.78465271121,0,0.0721939857110408,0.13453920530435,"Stung Treng"
2016,0.0561807174133795,4,1374.78465271121,0,0.0352660527996179,0.0770953820271412,"Stung Treng"
2017,0.0496049954293375,4,1374.78465271121,0,0.0277431616003883,0.0714668292582867,"Stung Treng"
2018,0.0165511901760742,4,1374.78465271121,0,0,0.0438763025545018,"Stung Treng"
2019,0.124159378345212,4,1374.78465271121,0,0.102240465643366,0.146078291047058,"Stung Treng"
2020,0.0748061436790141,4,1374.78465271121,0,0.0594574019993882,0.0901548853586401,"Stung Treng"
1988,0.0228265332639679,4,6700.20795569441,0,0,0.0919895934921794,"Svay Rieng"
1989,0.0190991309334309,4,6700.20795569441,0,0,0.0846113427269153,"Svay Rieng"
1990,0.00282623005520715,4,6700.20795569441,0,0,0.0648477655145275,"Svay Rieng"
1991,0.0773471771038957,4,6700.20795569441,0,0.0200572975226325,0.134637056685159,"Svay Rieng"
1992,0.0497074603302787,4,6700.20795569441,0,0,0.102250638683562,"Svay Rieng"
1993,0.0854409771835254,4,6700.20795569441,0,0.0373241302924943,0.133557824074556,"Svay Rieng"
1994,0.0982658327060362,4,6700.20795569441,0,0.0556946117042721,0.1408370537078,"Svay Rieng"
1995,0.0822496194458599,4,6700.20795569441,0,0.0446617517576259,0.119837487134094,"Svay Rieng"
1996,0.0632094637048803,4,6700.20795569441,0,0.02923718659533,0.0971817408144306,"Svay Rieng"
1997,0.0572790192443171,4,6700.20795569441,0,0.0259902724762995,0.0885677660123347,"Svay Rieng"
1998,0.0661558741560413,4,6700.20795569441,0,0.0374157075763088,0.0948960407357739,"Svay Rieng"
1999,0.0640173452751414,4,6700.20795569441,0,0.0378847714294883,0.0901499191207945,"Svay Rieng"
2000,0.0537528249491354,4,6700.20795569441,0,0.0299462049039942,0.0775594449942767,"Svay Rieng"
2001,0.0715351854299728,4,6700.20795569441,0,0.05004191239235,0.0930284584675957,"Svay Rieng"
2002,0.102897621500237,4,6700.20795569441,0,0.0861752111782195,0.119620031822255,"Svay Rieng"
2003,0.0528175168476487,4,6700.20795569441,0,0.0392626033400166,0.0663724303552809,"Svay Rieng"
2004,0.105193539986511,4,6700.20795569441,0,0.093673058018122,0.116714021954901,"Svay Rieng"
2005,0.026581209243938,4,6700.20795569441,0,0.01682059259004,0.036341825897836,"Svay Rieng"
2006,0.101800895254017,4,6700.20795569441,0,0.0906137858096991,0.112988004698334,"Svay Rieng"
2007,0.126719854989743,4,6700.20795569441,0,0.118044967261199,0.135394742718288,"Svay Rieng"
2008,0.0248333279073645,4,6700.20795569441,0,0.0175910962826691,0.0320755595320599,"Svay Rieng"
2009,0.0551716311598492,4,6700.20795569441,0,0.0452049026688469,0.0651383596508515,"Svay Rieng"
2010,0.0671556159750105,4,6700.20795569441,0,0.0566472367980864,0.0776639951519347,"Svay Rieng"
2011,0.0538012698051467,4,6700.20795569441,0,0.0439760499155876,0.0636264896947057,"Svay Rieng"
2012,0.0970701336671735,4,6700.20795569441,0,0.0884471749744328,0.105693092359914,"Svay Rieng"
2013,0.0283711540443351,4,6700.20795569441,0,0.0218868619917899,0.0348554460968803,"Svay Rieng"
2014,0.00857995072947049,4,6700.20795569441,0,0.00340793670402726,0.0137519647549137,"Svay Rieng"
2015,0.033514896128844,4,6700.20795569441,0,0.0245818760937916,0.0424479161638963,"Svay Rieng"
2016,0.0490485052233685,4,6700.20795569441,0,0.0395614987440886,0.0585355117026484,"Svay Rieng"
2017,0.0203387328862782,4,6700.20795569441,0,0.0120410793814396,0.0286363863911169,"Svay Rieng"
2018,0.0559670673293537,4,6700.20795569441,0,0.0479731664614241,0.0639609681972834,"Svay Rieng"
2019,0.0273412193341829,4,6700.20795569441,0,0.0227825607084302,0.0318998779599356,"Svay Rieng"
2020,0.0241984086636772,4,6700.20795569441,0,0.0178225715942752,0.0305742457330793,"Svay Rieng"
1981,0.0485522358511301,4,3884.01407618755,0,0,0.353755164364253,"Takeo"
1982,0.0538172581655624,4,3884.01407618755,0,0,0.337238752459825,"Takeo"
1983,0.0696371161588099,4,3884.01407618755,0,0,0.328030009790789,"Takeo"
1984,0.0808833351921196,4,3884.01407618755,0,0,0.311835514680024,"Takeo"
1985,0.0506175086136469,4,3884.01407618755,0,0,0.260372232798755,"Takeo"
1986,0.0612562110400395,4,3884.01407618755,0,0,0.253781713756918,"Takeo"
1987,0.117939977268181,4,3884.01407618755,0,0,0.286962202305802,"Takeo"
1988,0.0417817786574191,4,3884.01407618755,0,0,0.186094864046965,"Takeo"
1989,0.0849107075267491,4,3884.01407618755,0,0,0.205954217265801,"Takeo"
1990,0.221596562493477,4,3884.01407618755,0,0.128838974579465,0.314354150407489,"Takeo"
1991,0.20769769900111,4,3884.01407618755,0,0.141075512696335,0.274319885305885,"Takeo"
1992,0.156307315195819,4,3884.01407618755,0,0.105301610624353,0.207313019767285,"Takeo"
1993,0.134733689041078,4,3884.01407618755,0,0.0934971945066475,0.175970183575508,"Takeo"
1994,0.155919329107681,4,3884.01407618755,0,0.122584259149923,0.189254399065439,"Takeo"
1995,0.139810172407069,4,3884.01407618755,0,0.112567802627395,0.167052542186743,"Takeo"
1996,0.120546612475303,4,3884.01407618755,0,0.0977454311983441,0.143347793752262,"Takeo"
1997,0.0998478838484911,4,3884.01407618755,0,0.0801582113199722,0.11953755637701,"Takeo"
1998,0.100616378012283,4,3884.01407618755,0,0.0834084007651068,0.117824355259459,"Takeo"
1999,0.082442074677511,4,3884.01407618755,0,0.0673817596540386,0.0975023897009834,"Takeo"
2000,0.0831129241550705,4,3884.01407618755,0,0.0699063768653887,0.0963194714447523,"Takeo"
2001,0.0849928504807857,4,3884.01407618755,0,0.0738369617927671,0.0961487391688043,"Takeo"
2002,0.0866668967473277,4,3884.01407618755,0,0.0790540386023412,0.0942797548923143,"Takeo"
2003,0.101039158612146,4,3884.01407618755,0,0.0934202924573743,0.108658024766917,"Takeo"
2004,0.100928830257099,4,3884.01407618755,0,0.0935959056626704,0.108261754851527,"Takeo"
2005,0.113327749154442,4,3884.01407618755,0,0.106009673772457,0.120645824536426,"Takeo"
2006,0.0784857146478403,4,3884.01407618755,0,0.0713899045170018,0.0855815247786788,"Takeo"
2007,0.0970369849221297,4,3884.01407618755,0,0.0916935192916207,0.102380450552639,"Takeo"
2008,0.0982823457416784,4,3884.01407618755,0,0.0898499848454786,0.106714706637878,"Takeo"
2009,0.0712429235490249,4,3884.01407618755,0,0.0627690015073606,0.0797168455906893,"Takeo"
2010,0.0795271332884403,4,3884.01407618755,0,0.0713919648170195,0.087662301759861,"Takeo"
2011,0.0730062638084606,4,3884.01407618755,0,0.0660285571525352,0.0799839704643859,"Takeo"
2012,0.0799148655791224,4,3884.01407618755,0,0.0740182206577276,0.0858115105005171,"Takeo"
2013,0.0641347589375121,4,3884.01407618755,0,0.0573126315610525,0.0709568863139718,"Takeo"
2014,0.0413879354462207,4,3884.01407618755,0,0.0328798259115317,0.0498960449809097,"Takeo"
2015,0.0540729544799795,4,3884.01407618755,0,0.0448245335663219,0.0633213753936372,"Takeo"
2016,0.0339204614520444,4,3884.01407618755,0,0.0243254757420513,0.0435154471620376,"Takeo"
2017,0.0428126525559072,4,3884.01407618755,0,0.0324240023430757,0.0532013027687386,"Takeo"
2018,0.0833893690848835,4,3884.01407618755,0,0.0738170788868609,0.0929616592829061,"Takeo"
2019,0.0660137876225251,4,3884.01407618755,0,0.0589769171687668,0.0730506580762833,"Takeo"
2020,0.0782521890915498,4,3884.01407618755,0,0.0669519618503229,0.0895524163327767,"Takeo"
1966,0.0168966896975003,4,3488.99902412224,0,0,0.122263634250992,"Tboung Khmum"
1967,0.0496059174621403,4,3488.99902412224,0,0,0.150338978783661,"Tboung Khmum"
1968,0.0316874161590355,4,3488.99902412224,0,0,0.126850744558077,"Tboung Khmum"
1969,0.0214012937931614,4,3488.99902412224,0,0,0.113120334615563,"Tboung Khmum"
1970,0.0410007259962511,4,3488.99902412224,0,0,0.128917717423063,"Tboung Khmum"
1971,0.0209784372935043,4,3488.99902412224,0,0,0.105182905036249,"Tboung Khmum"
1972,0.0252938076485155,4,3488.99902412224,0,0,0.10687786978277,"Tboung Khmum"
1973,0.0144311387329056,4,3488.99902412224,0,0,0.0938108061214275,"Tboung Khmum"
1974,0.0207162040794462,4,3488.99902412224,0,0,0.0982200950468042,"Tboung Khmum"
1975,0.01671999380529,4,3488.99902412224,0,0,0.0922632874732821,"Tboung Khmum"
1976,0.0305850924025115,4,3488.99902412224,0,0,0.103753609873682,"Tboung Khmum"
1977,0.016900865371795,4,3488.99902412224,0,0,0.0877198462196444,"Tboung Khmum"
1978,0.0220243760732511,4,3488.99902412224,0,0,0.0910000781820608,"Tboung Khmum"
1979,0.0205798369059974,4,3488.99902412224,0,0,0.0875873976499301,"Tboung Khmum"
1980,0.0176218412628068,4,3488.99902412224,0,0,0.0829140759453196,"Tboung Khmum"
1981,0.0229793988112281,4,3488.99902412224,0,0,0.0865077698586582,"Tboung Khmum"
1982,0.0231514462401622,4,3488.99902412224,0,0,0.0847290227086749,"Tboung Khmum"
1983,0.023229057890045,4,3488.99902412224,0,0,0.0829078666427232,"Tboung Khmum"
1984,0.0254178819718498,4,3488.99902412224,0,0,0.0831734932204437,"Tboung Khmum"
1985,0.0227491456031648,4,3488.99902412224,0,0,0.0786581150649752,"Tboung Khmum"
1986,0.0171961952125733,4,3488.99902412224,0,0,0.0716157627121087,"Tboung Khmum"
1987,0.0214418252502676,4,3488.99902412224,0,0,0.0744705711787702,"Tboung Khmum"
1988,0.0156452230662442,4,3488.99902412224,0,0,0.0673657078249695,"Tboung Khmum"
1989,0.0225250777723628,4,3488.99902412224,0,0,0.0729428410760954,"Tboung Khmum"
1990,0.0267240052940014,4,3488.99902412224,0,0,0.0755076169884124,"Tboung Khmum"
1991,0.0261083624277464,4,3488.99902412224,0,0,0.0731954059048915,"Tboung Khmum"
1992,0.0256458891776981,4,3488.99902412224,0,0,0.0711319315146691,"Tboung Khmum"
1993,0.0199840981497386,4,3488.99902412224,0,0,0.0641002423639619,"Tboung Khmum"
1994,0.0245932523262141,4,3488.99902412224,0,0,0.0674194775144876,"Tboung Khmum"
1995,0.0220106376711616,4,3488.99902412224,0,0,0.0635208585587495,"Tboung Khmum"
1996,0.0174239141576541,4,3488.99902412224,0,0,0.0578489968150685,"Tboung Khmum"
1997,0.0144446328435776,4,3488.99902412224,0,0,0.0540157651568642,"Tboung Khmum"
1998,0.01872098015078,4,3488.99902412224,0,0,0.0574265183575294,"Tboung Khmum"
1999,0.0173370418939431,4,3488.99902412224,0,0,0.0551190947895055,"Tboung Khmum"
2000,0.0219059095448648,4,3488.99902412224,0,0,0.0587123250497931,"Tboung Khmum"
2001,0.0235859803748731,4,3488.99902412224,0,0,0.059290875312547,"Tboung Khmum"
2002,0.0257450383251089,4,3488.99902412224,0,0,0.060293357442461,"Tboung Khmum"
2003,0.0279379035412614,4,3488.99902412224,0,0,0.0612725414893383,"Tboung Khmum"
2004,0.0403109035993818,4,3488.99902412224,0,0.00844689879368422,0.0721749084050794,"Tboung Khmum"
2005,0.055581474800893,4,3488.99902412224,0,0.0256711985390052,0.0854917510627809,"Tboung Khmum"
2006,0.0744582020146851,4,3488.99902412224,0,0.0470158668844511,0.101900537144919,"Tboung Khmum"
2007,0.0686303483869135,4,3488.99902412224,0,0.043737301165912,0.0935233956079149,"Tboung Khmum"
2008,0.0611168699760072,4,3488.99902412224,0,0.0383626151637336,0.0838711247882808,"Tboung Khmum"
2009,0.0612188072965076,4,3488.99902412224,0,0.0403330362729977,0.0821045783200176,"Tboung Khmum"
2010,0.0601324886600157,4,3488.99902412224,0,0.0409784907772833,0.079286486542748,"Tboung Khmum"
2011,0.055368665464213,4,3488.99902412224,0,0.0377571723792393,0.0729801585491866,"Tboung Khmum"
2012,0.0412082425354548,4,3488.99902412224,0,0.0248358452310409,0.0575806398398686,"Tboung Khmum"
2013,0.0499440846324932,4,3488.99902412224,0,0.0346869263160878,0.0652012429488986,"Tboung Khmum"
2014,0.0432070864084301,4,3488.99902412224,0,0.0290676641386949,0.0573465086781653,"Tboung Khmum"
2015,0.0326796173267836,4,3488.99902412224,0,0.0194502214369884,0.0459090132165788,"Tboung Khmum"
2016,0.0798087494580268,4,3488.99902412224,0,0.0695754428009563,0.0900420561150974,"Tboung Khmum"
2017,0.0159166999028293,4,3488.99902412224,0,0.00973181223141618,0.0221015875742424,"Tboung Khmum"
2018,0.0487931976683724,4,3488.99902412224,0,0.0423378899859133,0.0552485053508314,"Tboung Khmum"
2019,0.0526789648405515,4,3488.99902412224,0,0.0484953106856428,0.0568626189954603,"Tboung Khmum"
2020,0.0105570053914732,4,3488.99902412224,0,0.00832182238155924,0.0127921884013872,"Tboung Khmum"
1981,0.00201524258208893,4,143121.45030852,0,0,0.0233311329940099,"National"
1982,1e-07,4,143121.45030852,0,0,0.0202723237784605,"National"
1983,1e-07,4,143121.45030852,0,0,0.0190549238843836,"National"
1984,0.0198616842650976,4,143121.45030852,0,0.00121966393225295,0.0385037045979422,"National"
1985,0.0268409208336362,4,143121.45030852,0,0.00880088607209366,0.0448809555951788,"National"
1986,0.0205854918657055,4,143121.45030852,0,0.00314181199267786,0.0380291717387332,"National"
1987,0.0265321536876379,4,143121.45030852,0,0.0096563392074148,0.043407968167861,"National"
1988,0.0323145951039227,4,143121.45030852,0,0.0161201999207625,0.0485089902870829,"National"
1989,0.0471409960371063,4,143121.45030852,0,0.0318112531946532,0.0624707388795593,"National"
1990,0.0826152899716463,4,143121.45030852,0,0.0685697974811322,0.0966607824621604,"National"
1991,0.108115491982674,4,143121.45030852,0,0.0957624084636382,0.120468575501709,"National"
1992,0.0955387273013644,4,143121.45030852,0,0.0847940640136799,0.106283390589049,"National"
1993,0.113529199575668,4,143121.45030852,0,0.104179824087453,0.122878575063883,"National"
1994,0.120682704861831,4,143121.45030852,0,0.112683608572654,0.128681801151008,"National"
1995,0.11593873325397,4,143121.45030852,0,0.109110179418845,0.122767287089094,"National"
1996,0.106178901744455,4,143121.45030852,0,0.100292409993961,0.11206539349495,"National"
1997,0.0983422229212642,4,143121.45030852,0,0.0932011945376068,0.103483251304922,"National"
1998,0.0930663496582096,4,143121.45030852,0,0.0885378143604057,0.0975948849560135,"National"
1999,0.0908725735324883,4,143121.45030852,0,0.086877194554875,0.0948679525101016,"National"
2000,0.0851955203967104,4,143121.45030852,0,0.0816788079644671,0.0887122328289537,"National"
2001,0.0930454027049168,4,143121.45030852,0,0.0900200601540621,0.0960707452557716,"National"
2002,0.0926722929556853,4,143121.45030852,0,0.0904575553713291,0.0948870305400414,"National"
2003,0.0951876309970659,4,143121.45030852,0,0.093328374775562,0.0970468872185697,"National"
2004,0.0903677581197325,4,143121.45030852,0,0.0885285188002454,0.0922069974392196,"National"
2005,0.0969543569506205,4,143121.45030852,0,0.0951528366670197,0.0987558772342214,"National"
2006,0.098316314482191,4,143121.45030852,0,0.0967354420478501,0.0998971869165318,"National"
2007,0.0953698810922248,4,143121.45030852,0,0.0940923613915434,0.0966474007929062,"National"
2008,0.0767548272072883,4,143121.45030852,0,0.0752313677346632,0.0782782866799134,"National"
2009,0.0813279131477036,4,143121.45030852,0,0.0797293795314097,0.0829264467639975,"National"
2010,0.094131996119977,4,143121.45030852,0,0.0926282794052218,0.0956357128347321,"National"
2011,0.0693787309751896,4,143121.45030852,0,0.067996238773699,0.0707612231766801,"National"
2012,0.0843737776149787,4,143121.45030852,0,0.0831931188404193,0.0855544363895381,"National"
2013,0.0630939544750336,4,143121.45030852,0,0.0618848978294265,0.0643030111206407,"National"
2014,0.0342806608765672,4,143121.45030852,0,0.0328246091900275,0.035736712563107,"National"
2015,0.0659746260622264,4,143121.45030852,0,0.0645299475550924,0.0674193045693604,"National"
2016,0.0475466702651378,4,143121.45030852,0,0.0462695714478323,0.0488237690824434,"National"
2017,0.0386101881372182,4,143121.45030852,0,0.0372522553613745,0.0399681209130618,"National"
2018,0.0677126052252103,4,143121.45030852,0,0.0664514498782049,0.0689737605722157,"National"
2019,0.0781897553285002,4,143121.45030852,0,0.0772434185144924,0.079136092142508,"National"
2020,0.0595991084993953,4,143121.45030852,0,0.0581182098063815,0.0610800071924091,"National"
