"provname","year","lambda","CI","llik_FOI","llik_age","llik_sigma","llik_sigma_age","AIC_FOI","AIC_age","AIC_sigma","AIC_sigma_age"
"Banteay Meanchey",1985,0.0208,"[0-0.0876]",12697,7952,7991,5101,25466,16014,16092,10350
"Banteay Meanchey",1986,0.01596,"[0-0.081]",12697,7952,7991,5101,25466,16014,16092,10350
"Banteay Meanchey",1987,0.01544,"[0-0.0787]",12697,7952,7991,5101,25466,16014,16092,10350
"Banteay Meanchey",1988,0.04258,"[0-0.103]",12697,7952,7991,5101,25466,16014,16092,10350
"Banteay Meanchey",1989,0.03159,"[0-0.0885]",12697,7952,7991,5101,25466,16014,16092,10350
"Banteay Meanchey",1990,0.07685,"[0.0245-0.129]",12697,7952,7991,5101,25466,16014,16092,10350
"Banteay Meanchey",1991,0.06043,"[0.0137-0.107]",12697,7952,7991,5101,25466,16014,16092,10350
"Banteay Meanchey",1992,0.09071,"[0.0494-0.132]",12697,7952,7991,5101,25466,16014,16092,10350
"Banteay Meanchey",1993,0.1088,"[0.0728-0.145]",12697,7952,7991,5101,25466,16014,16092,10350
"Banteay Meanchey",1994,0.1121,"[0.0811-0.143]",12697,7952,7991,5101,25466,16014,16092,10350
"Banteay Meanchey",1995,0.1006,"[0.0739-0.127]",12697,7952,7991,5101,25466,16014,16092,10350
"Banteay Meanchey",1996,0.1115,"[0.0884-0.135]",12697,7952,7991,5101,25466,16014,16092,10350
"Banteay Meanchey",1997,0.0975,"[0.0774-0.118]",12697,7952,7991,5101,25466,16014,16092,10350
"Banteay Meanchey",1998,0.09898,"[0.0813-0.117]",12697,7952,7991,5101,25466,16014,16092,10350
"Banteay Meanchey",1999,0.1003,"[0.0848-0.116]",12697,7952,7991,5101,25466,16014,16092,10350
"Banteay Meanchey",2000,0.08989,"[0.0765-0.103]",12697,7952,7991,5101,25466,16014,16092,10350
"Banteay Meanchey",2001,0.1047,"[0.0933-0.116]",12697,7952,7991,5101,25466,16014,16092,10350
"Banteay Meanchey",2002,0.103,"[0.0948-0.111]",12697,7952,7991,5101,25466,16014,16092,10350
"Banteay Meanchey",2003,0.1097,"[0.103-0.116]",12697,7952,7991,5101,25466,16014,16092,10350
"Banteay Meanchey",2004,0.07564,"[0.0679-0.0834]",12697,7952,7991,5101,25466,16014,16092,10350
"Banteay Meanchey",2005,0.1065,"[0.0997-0.113]",12697,7952,7991,5101,25466,16014,16092,10350
"Banteay Meanchey",2006,0.07347,"[0.0674-0.0796]",12697,7952,7991,5101,25466,16014,16092,10350
"Banteay Meanchey",2007,0.1056,"[0.1-0.111]",12697,7952,7991,5101,25466,16014,16092,10350
"Banteay Meanchey",2008,0.08678,"[0.081-0.0926]",12697,7952,7991,5101,25466,16014,16092,10350
"Banteay Meanchey",2009,0.08579,"[0.0795-0.0921]",12697,7952,7991,5101,25466,16014,16092,10350
"Banteay Meanchey",2010,0.1017,"[0.0963-0.107]",12697,7952,7991,5101,25466,16014,16092,10350
"Banteay Meanchey",2011,0.06539,"[0.0608-0.07]",12697,7952,7991,5101,25466,16014,16092,10350
"Banteay Meanchey",2012,0.09032,"[0.0865-0.0941]",12697,7952,7991,5101,25466,16014,16092,10350
"Banteay Meanchey",2013,0.07941,"[0.0744-0.0845]",12697,7952,7991,5101,25466,16014,16092,10350
"Banteay Meanchey",2014,0.03987,"[0.0337-0.046]",12697,7952,7991,5101,25466,16014,16092,10350
"Banteay Meanchey",2015,0.08208,"[0.0765-0.0877]",12697,7952,7991,5101,25466,16014,16092,10350
"Banteay Meanchey",2016,0.0476,"[0.0427-0.0525]",12697,7952,7991,5101,25466,16014,16092,10350
"Banteay Meanchey",2017,0.04461,"[0.0396-0.0496]",12697,7952,7991,5101,25466,16014,16092,10350
"Banteay Meanchey",2018,0.04399,"[0.0393-0.0487]",12697,7952,7991,5101,25466,16014,16092,10350
"Banteay Meanchey",2019,0.0871,"[0.0833-0.091]",12697,7952,7991,5101,25466,16014,16092,10350
"Banteay Meanchey",2020,0.01504,"[0.0126-0.0175]",12697,7952,7991,5101,25466,16014,16092,10350
"Battambang",1987,0.01993,"[0-0.121]",4560,3043,3474,2545,9188,6191,7055,5234
"Battambang",1988,1e-07,"[0-0.0981]",4560,3043,3474,2545,9188,6191,7055,5234
"Battambang",1989,0.01269,"[0-0.109]",4560,3043,3474,2545,9188,6191,7055,5234
"Battambang",1990,1e-07,"[0-0.0917]",4560,3043,3474,2545,9188,6191,7055,5234
"Battambang",1991,0.05643,"[0-0.14]",4560,3043,3474,2545,9188,6191,7055,5234
"Battambang",1992,0.07214,"[0-0.146]",4560,3043,3474,2545,9188,6191,7055,5234
"Battambang",1993,0.09135,"[0.026-0.157]",4560,3043,3474,2545,9188,6191,7055,5234
"Battambang",1994,0.05711,"[0-0.115]",4560,3043,3474,2545,9188,6191,7055,5234
"Battambang",1995,0.1156,"[0.0648-0.166]",4560,3043,3474,2545,9188,6191,7055,5234
"Battambang",1996,0.08567,"[0.0415-0.13]",4560,3043,3474,2545,9188,6191,7055,5234
"Battambang",1997,0.09789,"[0.0588-0.137]",4560,3043,3474,2545,9188,6191,7055,5234
"Battambang",1998,0.106,"[0.0717-0.14]",4560,3043,3474,2545,9188,6191,7055,5234
"Battambang",1999,0.1078,"[0.078-0.138]",4560,3043,3474,2545,9188,6191,7055,5234
"Battambang",2000,0.09937,"[0.0734-0.125]",4560,3043,3474,2545,9188,6191,7055,5234
"Battambang",2001,0.1021,"[0.0796-0.125]",4560,3043,3474,2545,9188,6191,7055,5234
"Battambang",2002,0.09785,"[0.08-0.116]",4560,3043,3474,2545,9188,6191,7055,5234
"Battambang",2003,0.09154,"[0.0777-0.105]",4560,3043,3474,2545,9188,6191,7055,5234
"Battambang",2004,0.0825,"[0.0685-0.0965]",4560,3043,3474,2545,9188,6191,7055,5234
"Battambang",2005,0.1073,"[0.0951-0.119]",4560,3043,3474,2545,9188,6191,7055,5234
"Battambang",2006,0.1031,"[0.0921-0.114]",4560,3043,3474,2545,9188,6191,7055,5234
"Battambang",2007,0.111,"[0.102-0.12]",4560,3043,3474,2545,9188,6191,7055,5234
"Battambang",2008,0.0847,"[0.0749-0.0945]",4560,3043,3474,2545,9188,6191,7055,5234
"Battambang",2009,0.08264,"[0.073-0.0923]",4560,3043,3474,2545,9188,6191,7055,5234
"Battambang",2010,0.07436,"[0.0658-0.0829]",4560,3043,3474,2545,9188,6191,7055,5234
"Battambang",2011,0.08178,"[0.0741-0.0895]",4560,3043,3474,2545,9188,6191,7055,5234
"Battambang",2012,0.08611,"[0.08-0.0922]",4560,3043,3474,2545,9188,6191,7055,5234
"Battambang",2013,0.06794,"[0.061-0.0749]",4560,3043,3474,2545,9188,6191,7055,5234
"Battambang",2014,0.03481,"[0.0266-0.043]",4560,3043,3474,2545,9188,6191,7055,5234
"Battambang",2015,0.06369,"[0.0564-0.071]",4560,3043,3474,2545,9188,6191,7055,5234
"Battambang",2016,0.05253,"[0.0458-0.0592]",4560,3043,3474,2545,9188,6191,7055,5234
"Battambang",2017,0.04118,"[0.0346-0.0478]",4560,3043,3474,2545,9188,6191,7055,5234
"Battambang",2018,0.04678,"[0.0406-0.0529]",4560,3043,3474,2545,9188,6191,7055,5234
"Battambang",2019,0.09005,"[0.0853-0.0948]",4560,3043,3474,2545,9188,6191,7055,5234
"Battambang",2020,0.02854,"[0.0238-0.0333]",4560,3043,3474,2545,9188,6191,7055,5234
"Kampong Cham",1988,0.01095,"[0-0.0812]",6788,3998,5910,3620,13642,8101,11924,7381
"Kampong Cham",1989,0.07686,"[0.0122-0.142]",6788,3998,5910,3620,13642,8101,11924,7381
"Kampong Cham",1990,0.1343,"[0.0782-0.19]",6788,3998,5910,3620,13642,8101,11924,7381
"Kampong Cham",1991,0.1471,"[0.101-0.193]",6788,3998,5910,3620,13642,8101,11924,7381
"Kampong Cham",1992,0.135,"[0.097-0.173]",6788,3998,5910,3620,13642,8101,11924,7381
"Kampong Cham",1993,0.144,"[0.113-0.175]",6788,3998,5910,3620,13642,8101,11924,7381
"Kampong Cham",1994,0.163,"[0.137-0.189]",6788,3998,5910,3620,13642,8101,11924,7381
"Kampong Cham",1995,0.1413,"[0.12-0.162]",6788,3998,5910,3620,13642,8101,11924,7381
"Kampong Cham",1996,0.1245,"[0.107-0.142]",6788,3998,5910,3620,13642,8101,11924,7381
"Kampong Cham",1997,0.1113,"[0.0965-0.126]",6788,3998,5910,3620,13642,8101,11924,7381
"Kampong Cham",1998,0.1012,"[0.0883-0.114]",6788,3998,5910,3620,13642,8101,11924,7381
"Kampong Cham",1999,0.105,"[0.0939-0.116]",6788,3998,5910,3620,13642,8101,11924,7381
"Kampong Cham",2000,0.09082,"[0.0812-0.1]",6788,3998,5910,3620,13642,8101,11924,7381
"Kampong Cham",2001,0.09156,"[0.0833-0.0998]",6788,3998,5910,3620,13642,8101,11924,7381
"Kampong Cham",2002,0.1024,"[0.0964-0.108]",6788,3998,5910,3620,13642,8101,11924,7381
"Kampong Cham",2003,0.09805,"[0.0933-0.103]",6788,3998,5910,3620,13642,8101,11924,7381
"Kampong Cham",2004,0.09501,"[0.0904-0.0996]",6788,3998,5910,3620,13642,8101,11924,7381
"Kampong Cham",2005,0.1024,"[0.0976-0.107]",6788,3998,5910,3620,13642,8101,11924,7381
"Kampong Cham",2006,0.09492,"[0.0905-0.0993]",6788,3998,5910,3620,13642,8101,11924,7381
"Kampong Cham",2007,0.09883,"[0.0952-0.102]",6788,3998,5910,3620,13642,8101,11924,7381
"Kampong Cham",2008,0.07799,"[0.0733-0.0827]",6788,3998,5910,3620,13642,8101,11924,7381
"Kampong Cham",2009,0.08856,"[0.0837-0.0934]",6788,3998,5910,3620,13642,8101,11924,7381
"Kampong Cham",2010,0.08828,"[0.0839-0.0926]",6788,3998,5910,3620,13642,8101,11924,7381
"Kampong Cham",2011,0.06271,"[0.0584-0.067]",6788,3998,5910,3620,13642,8101,11924,7381
"Kampong Cham",2012,0.08122,"[0.0773-0.0851]",6788,3998,5910,3620,13642,8101,11924,7381
"Kampong Cham",2013,0.07666,"[0.0726-0.0808]",6788,3998,5910,3620,13642,8101,11924,7381
"Kampong Cham",2014,0.04873,"[0.0434-0.0541]",6788,3998,5910,3620,13642,8101,11924,7381
"Kampong Cham",2015,0.06026,"[0.0553-0.0653]",6788,3998,5910,3620,13642,8101,11924,7381
"Kampong Cham",2016,0.05279,"[0.0477-0.0578]",6788,3998,5910,3620,13642,8101,11924,7381
"Kampong Cham",2017,0.02946,"[0.0235-0.0355]",6788,3998,5910,3620,13642,8101,11924,7381
"Kampong Cham",2018,0.07119,"[0.0651-0.0773]",6788,3998,5910,3620,13642,8101,11924,7381
"Kampong Cham",2019,0.09996,"[0.0953-0.105]",6788,3998,5910,3620,13642,8101,11924,7381
"Kampong Cham",2020,0.0445,"[0.0382-0.0508]",6788,3998,5910,3620,13642,8101,11924,7381
"Kampong Chhnang",1988,1e-07,"[0-0.132]",3493,2469,2963,2305,7051,5041,6030,4753
"Kampong Chhnang",1989,1e-07,"[0-0.122]",3493,2469,2963,2305,7051,5041,6030,4753
"Kampong Chhnang",1990,1e-07,"[0-0.109]",3493,2469,2963,2305,7051,5041,6030,4753
"Kampong Chhnang",1991,1e-07,"[0-0.0906]",3493,2469,2963,2305,7051,5041,6030,4753
"Kampong Chhnang",1992,0.06038,"[0-0.141]",3493,2469,2963,2305,7051,5041,6030,4753
"Kampong Chhnang",1993,0.1608,"[0.0916-0.23]",3493,2469,2963,2305,7051,5041,6030,4753
"Kampong Chhnang",1994,0.1336,"[0.0771-0.19]",3493,2469,2963,2305,7051,5041,6030,4753
"Kampong Chhnang",1995,0.1238,"[0.0763-0.171]",3493,2469,2963,2305,7051,5041,6030,4753
"Kampong Chhnang",1996,0.09453,"[0.054-0.135]",3493,2469,2963,2305,7051,5041,6030,4753
"Kampong Chhnang",1997,0.1092,"[0.0741-0.144]",3493,2469,2963,2305,7051,5041,6030,4753
"Kampong Chhnang",1998,0.09752,"[0.067-0.128]",3493,2469,2963,2305,7051,5041,6030,4753
"Kampong Chhnang",1999,0.1117,"[0.0852-0.138]",3493,2469,2963,2305,7051,5041,6030,4753
"Kampong Chhnang",2000,0.09582,"[0.073-0.119]",3493,2469,2963,2305,7051,5041,6030,4753
"Kampong Chhnang",2001,0.1024,"[0.0829-0.122]",3493,2469,2963,2305,7051,5041,6030,4753
"Kampong Chhnang",2002,0.08487,"[0.0703-0.0995]",3493,2469,2963,2305,7051,5041,6030,4753
"Kampong Chhnang",2003,0.08061,"[0.0674-0.0938]",3493,2469,2963,2305,7051,5041,6030,4753
"Kampong Chhnang",2004,0.1008,"[0.0887-0.113]",3493,2469,2963,2305,7051,5041,6030,4753
"Kampong Chhnang",2005,0.1089,"[0.0968-0.121]",3493,2469,2963,2305,7051,5041,6030,4753
"Kampong Chhnang",2006,0.1162,"[0.106-0.126]",3493,2469,2963,2305,7051,5041,6030,4753
"Kampong Chhnang",2007,0.09929,"[0.0904-0.108]",3493,2469,2963,2305,7051,5041,6030,4753
"Kampong Chhnang",2008,0.08045,"[0.0701-0.0908]",3493,2469,2963,2305,7051,5041,6030,4753
"Kampong Chhnang",2009,0.05656,"[0.0472-0.0659]",3493,2469,2963,2305,7051,5041,6030,4753
"Kampong Chhnang",2010,0.1121,"[0.103-0.121]",3493,2469,2963,2305,7051,5041,6030,4753
"Kampong Chhnang",2011,0.1015,"[0.092-0.111]",3493,2469,2963,2305,7051,5041,6030,4753
"Kampong Chhnang",2012,0.08953,"[0.0818-0.0973]",3493,2469,2963,2305,7051,5041,6030,4753
"Kampong Chhnang",2013,0.0652,"[0.058-0.0724]",3493,2469,2963,2305,7051,5041,6030,4753
"Kampong Chhnang",2014,0.04119,"[0.0324-0.05]",3493,2469,2963,2305,7051,5041,6030,4753
"Kampong Chhnang",2015,0.06094,"[0.053-0.0689]",3493,2469,2963,2305,7051,5041,6030,4753
"Kampong Chhnang",2016,0.05357,"[0.0463-0.0608]",3493,2469,2963,2305,7051,5041,6030,4753
"Kampong Chhnang",2017,0.0221,"[0.0146-0.0296]",3493,2469,2963,2305,7051,5041,6030,4753
"Kampong Chhnang",2018,0.06528,"[0.0583-0.0723]",3493,2469,2963,2305,7051,5041,6030,4753
"Kampong Chhnang",2019,0.09463,"[0.0891-0.1]",3493,2469,2963,2305,7051,5041,6030,4753
"Kampong Chhnang",2020,0.04409,"[0.0372-0.0509]",3493,2469,2963,2305,7051,5041,6030,4753
"Kampong Speu",1988,1e-07,"[0-0.14]",4830,3405,3469,2505,9725,6914,7043,5153
"Kampong Speu",1989,0.05109,"[0-0.178]",4830,3405,3469,2505,9725,6914,7043,5153
"Kampong Speu",1990,0.1292,"[0.0202-0.238]",4830,3405,3469,2505,9725,6914,7043,5153
"Kampong Speu",1991,0.1516,"[0.0617-0.241]",4830,3405,3469,2505,9725,6914,7043,5153
"Kampong Speu",1992,0.153,"[0.0801-0.226]",4830,3405,3469,2505,9725,6914,7043,5153
"Kampong Speu",1993,0.1457,"[0.0865-0.205]",4830,3405,3469,2505,9725,6914,7043,5153
"Kampong Speu",1994,0.1593,"[0.111-0.207]",4830,3405,3469,2505,9725,6914,7043,5153
"Kampong Speu",1995,0.1043,"[0.0649-0.144]",4830,3405,3469,2505,9725,6914,7043,5153
"Kampong Speu",1996,0.1326,"[0.0998-0.166]",4830,3405,3469,2505,9725,6914,7043,5153
"Kampong Speu",1997,0.1208,"[0.0932-0.148]",4830,3405,3469,2505,9725,6914,7043,5153
"Kampong Speu",1998,0.1192,"[0.0956-0.143]",4830,3405,3469,2505,9725,6914,7043,5153
"Kampong Speu",1999,0.1098,"[0.0896-0.13]",4830,3405,3469,2505,9725,6914,7043,5153
"Kampong Speu",2000,0.09164,"[0.0742-0.109]",4830,3405,3469,2505,9725,6914,7043,5153
"Kampong Speu",2001,0.1028,"[0.0882-0.117]",4830,3405,3469,2505,9725,6914,7043,5153
"Kampong Speu",2002,0.09454,"[0.0845-0.105]",4830,3405,3469,2505,9725,6914,7043,5153
"Kampong Speu",2003,0.1196,"[0.11-0.13]",4830,3405,3469,2505,9725,6914,7043,5153
"Kampong Speu",2004,0.1157,"[0.106-0.125]",4830,3405,3469,2505,9725,6914,7043,5153
"Kampong Speu",2005,0.1139,"[0.106-0.122]",4830,3405,3469,2505,9725,6914,7043,5153
"Kampong Speu",2006,0.1046,"[0.0974-0.112]",4830,3405,3469,2505,9725,6914,7043,5153
"Kampong Speu",2007,0.1031,"[0.0974-0.109]",4830,3405,3469,2505,9725,6914,7043,5153
"Kampong Speu",2008,0.1145,"[0.106-0.123]",4830,3405,3469,2505,9725,6914,7043,5153
"Kampong Speu",2009,0.1037,"[0.0957-0.112]",4830,3405,3469,2505,9725,6914,7043,5153
"Kampong Speu",2010,0.1156,"[0.108-0.123]",4830,3405,3469,2505,9725,6914,7043,5153
"Kampong Speu",2011,0.08211,"[0.0757-0.0885]",4830,3405,3469,2505,9725,6914,7043,5153
"Kampong Speu",2012,0.09353,"[0.0882-0.0989]",4830,3405,3469,2505,9725,6914,7043,5153
"Kampong Speu",2013,0.06185,"[0.0559-0.0678]",4830,3405,3469,2505,9725,6914,7043,5153
"Kampong Speu",2014,0.04679,"[0.0393-0.0543]",4830,3405,3469,2505,9725,6914,7043,5153
"Kampong Speu",2015,0.053,"[0.0455-0.0605]",4830,3405,3469,2505,9725,6914,7043,5153
"Kampong Speu",2016,0.05011,"[0.0431-0.0571]",4830,3405,3469,2505,9725,6914,7043,5153
"Kampong Speu",2017,0.04574,"[0.0387-0.0528]",4830,3405,3469,2505,9725,6914,7043,5153
"Kampong Speu",2018,0.07049,"[0.0638-0.0772]",4830,3405,3469,2505,9725,6914,7043,5153
"Kampong Speu",2019,0.1033,"[0.0981-0.109]",4830,3405,3469,2505,9725,6914,7043,5153
"Kampong Speu",2020,0.03503,"[0.0298-0.0402]",4830,3405,3469,2505,9725,6914,7043,5153
"Kampong Thom",1984,0.01035,"[0-0.134]",6571,4036,5730,4024,13217,8184,11572,8197
"Kampong Thom",1985,1e-07,"[0-0.123]",6571,4036,5730,4024,13217,8184,11572,8197
"Kampong Thom",1986,1e-07,"[0-0.123]",6571,4036,5730,4024,13217,8184,11572,8197
"Kampong Thom",1987,1e-07,"[0-0.123]",6571,4036,5730,4024,13217,8184,11572,8197
"Kampong Thom",1988,1e-07,"[0-0.112]",6571,4036,5730,4024,13217,8184,11572,8197
"Kampong Thom",1989,1e-07,"[0-0.0955]",6571,4036,5730,4024,13217,8184,11572,8197
"Kampong Thom",1990,1e-07,"[0-0.0866]",6571,4036,5730,4024,13217,8184,11572,8197
"Kampong Thom",1991,0.1096,"[0.0333-0.186]",6571,4036,5730,4024,13217,8184,11572,8197
"Kampong Thom",1992,0.08913,"[0.0234-0.155]",6571,4036,5730,4024,13217,8184,11572,8197
"Kampong Thom",1993,0.1388,"[0.0826-0.195]",6571,4036,5730,4024,13217,8184,11572,8197
"Kampong Thom",1994,0.1591,"[0.113-0.205]",6571,4036,5730,4024,13217,8184,11572,8197
"Kampong Thom",1995,0.1553,"[0.118-0.193]",6571,4036,5730,4024,13217,8184,11572,8197
"Kampong Thom",1996,0.1298,"[0.0992-0.16]",6571,4036,5730,4024,13217,8184,11572,8197
"Kampong Thom",1997,0.1173,"[0.0914-0.143]",6571,4036,5730,4024,13217,8184,11572,8197
"Kampong Thom",1998,0.1122,"[0.09-0.134]",6571,4036,5730,4024,13217,8184,11572,8197
"Kampong Thom",1999,0.1146,"[0.0955-0.134]",6571,4036,5730,4024,13217,8184,11572,8197
"Kampong Thom",2000,0.09769,"[0.0813-0.114]",6571,4036,5730,4024,13217,8184,11572,8197
"Kampong Thom",2001,0.1027,"[0.0888-0.117]",6571,4036,5730,4024,13217,8184,11572,8197
"Kampong Thom",2002,0.1007,"[0.0902-0.111]",6571,4036,5730,4024,13217,8184,11572,8197
"Kampong Thom",2003,0.09997,"[0.0914-0.109]",6571,4036,5730,4024,13217,8184,11572,8197
"Kampong Thom",2004,0.08457,"[0.076-0.0931]",6571,4036,5730,4024,13217,8184,11572,8197
"Kampong Thom",2005,0.106,"[0.098-0.114]",6571,4036,5730,4024,13217,8184,11572,8197
"Kampong Thom",2006,0.1147,"[0.108-0.121]",6571,4036,5730,4024,13217,8184,11572,8197
"Kampong Thom",2007,0.1117,"[0.106-0.117]",6571,4036,5730,4024,13217,8184,11572,8197
"Kampong Thom",2008,0.1183,"[0.111-0.125]",6571,4036,5730,4024,13217,8184,11572,8197
"Kampong Thom",2009,0.07173,"[0.0643-0.0792]",6571,4036,5730,4024,13217,8184,11572,8197
"Kampong Thom",2010,0.1013,"[0.0943-0.108]",6571,4036,5730,4024,13217,8184,11572,8197
"Kampong Thom",2011,0.08594,"[0.0805-0.0914]",6571,4036,5730,4024,13217,8184,11572,8197
"Kampong Thom",2012,0.09349,"[0.0883-0.0986]",6571,4036,5730,4024,13217,8184,11572,8197
"Kampong Thom",2013,0.08423,"[0.0788-0.0897]",6571,4036,5730,4024,13217,8184,11572,8197
"Kampong Thom",2014,0.04358,"[0.0372-0.05]",6571,4036,5730,4024,13217,8184,11572,8197
"Kampong Thom",2015,0.05171,"[0.0462-0.0573]",6571,4036,5730,4024,13217,8184,11572,8197
"Kampong Thom",2016,0.06976,"[0.0648-0.0747]",6571,4036,5730,4024,13217,8184,11572,8197
"Kampong Thom",2017,0.0515,"[0.0457-0.0573]",6571,4036,5730,4024,13217,8184,11572,8197
"Kampong Thom",2018,0.04857,"[0.0433-0.0539]",6571,4036,5730,4024,13217,8184,11572,8197
"Kampong Thom",2019,0.1004,"[0.0964-0.104]",6571,4036,5730,4024,13217,8184,11572,8197
"Kampong Thom",2020,0.0489,"[0.0423-0.0555]",6571,4036,5730,4024,13217,8184,11572,8197
"Kampot",1983,1e-07,"[0-0.202]",2575,1832,2168,1723,5226,3778,4449,3599
"Kampot",1984,1e-07,"[0-0.201]",2575,1832,2168,1723,5226,3778,4449,3599
"Kampot",1985,1e-07,"[0-0.18]",2575,1832,2168,1723,5226,3778,4449,3599
"Kampot",1986,1e-07,"[0-0.156]",2575,1832,2168,1723,5226,3778,4449,3599
"Kampot",1987,1e-07,"[0-0.156]",2575,1832,2168,1723,5226,3778,4449,3599
"Kampot",1988,0.04918,"[0-0.2]",2575,1832,2168,1723,5226,3778,4449,3599
"Kampot",1989,0.06215,"[0-0.196]",2575,1832,2168,1723,5226,3778,4449,3599
"Kampot",1990,0.1355,"[0.0265-0.245]",2575,1832,2168,1723,5226,3778,4449,3599
"Kampot",1991,0.1315,"[0.0433-0.22]",2575,1832,2168,1723,5226,3778,4449,3599
"Kampot",1992,0.08088,"[0.00552-0.156]",2575,1832,2168,1723,5226,3778,4449,3599
"Kampot",1993,0.09185,"[0.0257-0.158]",2575,1832,2168,1723,5226,3778,4449,3599
"Kampot",1994,0.1393,"[0.0828-0.196]",2575,1832,2168,1723,5226,3778,4449,3599
"Kampot",1995,0.1137,"[0.0661-0.161]",2575,1832,2168,1723,5226,3778,4449,3599
"Kampot",1996,0.1073,"[0.0663-0.148]",2575,1832,2168,1723,5226,3778,4449,3599
"Kampot",1997,0.1042,"[0.0685-0.14]",2575,1832,2168,1723,5226,3778,4449,3599
"Kampot",1998,0.09537,"[0.0641-0.127]",2575,1832,2168,1723,5226,3778,4449,3599
"Kampot",1999,0.07261,"[0.0449-0.1]",2575,1832,2168,1723,5226,3778,4449,3599
"Kampot",2000,0.07707,"[0.0524-0.102]",2575,1832,2168,1723,5226,3778,4449,3599
"Kampot",2001,0.08062,"[0.0597-0.102]",2575,1832,2168,1723,5226,3778,4449,3599
"Kampot",2002,0.0666,"[0.0519-0.0813]",2575,1832,2168,1723,5226,3778,4449,3599
"Kampot",2003,0.1127,"[0.098-0.127]",2575,1832,2168,1723,5226,3778,4449,3599
"Kampot",2004,0.09581,"[0.0824-0.109]",2575,1832,2168,1723,5226,3778,4449,3599
"Kampot",2005,0.07714,"[0.0649-0.0894]",2575,1832,2168,1723,5226,3778,4449,3599
"Kampot",2006,0.08149,"[0.0688-0.0942]",2575,1832,2168,1723,5226,3778,4449,3599
"Kampot",2007,0.09789,"[0.0883-0.108]",2575,1832,2168,1723,5226,3778,4449,3599
"Kampot",2008,0.06914,"[0.0571-0.0812]",2575,1832,2168,1723,5226,3778,4449,3599
"Kampot",2009,0.06267,"[0.0504-0.0749]",2575,1832,2168,1723,5226,3778,4449,3599
"Kampot",2010,0.08293,"[0.0731-0.0928]",2575,1832,2168,1723,5226,3778,4449,3599
"Kampot",2011,0.07884,"[0.0668-0.0908]",2575,1832,2168,1723,5226,3778,4449,3599
"Kampot",2012,0.08121,"[0.0708-0.0916]",2575,1832,2168,1723,5226,3778,4449,3599
"Kampot",2013,0.07353,"[0.064-0.083]",2575,1832,2168,1723,5226,3778,4449,3599
"Kampot",2014,0.04434,"[0.0339-0.0548]",2575,1832,2168,1723,5226,3778,4449,3599
"Kampot",2015,0.04973,"[0.0382-0.0613]",2575,1832,2168,1723,5226,3778,4449,3599
"Kampot",2016,0.05415,"[0.0427-0.0656]",2575,1832,2168,1723,5226,3778,4449,3599
"Kampot",2017,0.0221,"[0.0113-0.0329]",2575,1832,2168,1723,5226,3778,4449,3599
"Kampot",2018,0.0703,"[0.0605-0.0801]",2575,1832,2168,1723,5226,3778,4449,3599
"Kampot",2019,0.07322,"[0.0663-0.0801]",2575,1832,2168,1723,5226,3778,4449,3599
"Kampot",2020,0.1975,"[0.181-0.214]",2575,1832,2168,1723,5226,3778,4449,3599
"Kandal",1987,0.03602,"[0-0.153]",10512,6767,9343,6307,21091,13640,18792,12758
"Kandal",1988,0.03715,"[0-0.146]",10512,6767,9343,6307,21091,13640,18792,12758
"Kandal",1989,0.05874,"[0-0.158]",10512,6767,9343,6307,21091,13640,18792,12758
"Kandal",1990,0.2269,"[0.148-0.306]",10512,6767,9343,6307,21091,13640,18792,12758
"Kandal",1991,0.2143,"[0.158-0.271]",10512,6767,9343,6307,21091,13640,18792,12758
"Kandal",1992,0.1655,"[0.122-0.209]",10512,6767,9343,6307,21091,13640,18792,12758
"Kandal",1993,0.1858,"[0.152-0.22]",10512,6767,9343,6307,21091,13640,18792,12758
"Kandal",1994,0.1656,"[0.139-0.192]",10512,6767,9343,6307,21091,13640,18792,12758
"Kandal",1995,0.1507,"[0.129-0.172]",10512,6767,9343,6307,21091,13640,18792,12758
"Kandal",1996,0.1332,"[0.116-0.151]",10512,6767,9343,6307,21091,13640,18792,12758
"Kandal",1997,0.1252,"[0.11-0.14]",10512,6767,9343,6307,21091,13640,18792,12758
"Kandal",1998,0.1049,"[0.0922-0.118]",10512,6767,9343,6307,21091,13640,18792,12758
"Kandal",1999,0.09971,"[0.0886-0.111]",10512,6767,9343,6307,21091,13640,18792,12758
"Kandal",2000,0.08942,"[0.0798-0.099]",10512,6767,9343,6307,21091,13640,18792,12758
"Kandal",2001,0.09678,"[0.0888-0.105]",10512,6767,9343,6307,21091,13640,18792,12758
"Kandal",2002,0.05614,"[0.0506-0.0617]",10512,6767,9343,6307,21091,13640,18792,12758
"Kandal",2003,0.1111,"[0.105-0.117]",10512,6767,9343,6307,21091,13640,18792,12758
"Kandal",2004,0.1132,"[0.108-0.119]",10512,6767,9343,6307,21091,13640,18792,12758
"Kandal",2005,0.1086,"[0.103-0.114]",10512,6767,9343,6307,21091,13640,18792,12758
"Kandal",2006,0.1093,"[0.105-0.114]",10512,6767,9343,6307,21091,13640,18792,12758
"Kandal",2007,0.1009,"[0.0973-0.105]",10512,6767,9343,6307,21091,13640,18792,12758
"Kandal",2008,0.08493,"[0.0802-0.0897]",10512,6767,9343,6307,21091,13640,18792,12758
"Kandal",2009,0.08119,"[0.0765-0.0858]",10512,6767,9343,6307,21091,13640,18792,12758
"Kandal",2010,0.1232,"[0.119-0.128]",10512,6767,9343,6307,21091,13640,18792,12758
"Kandal",2011,0.06702,"[0.0629-0.0711]",10512,6767,9343,6307,21091,13640,18792,12758
"Kandal",2012,0.08308,"[0.0796-0.0866]",10512,6767,9343,6307,21091,13640,18792,12758
"Kandal",2013,0.05965,"[0.0557-0.0636]",10512,6767,9343,6307,21091,13640,18792,12758
"Kandal",2014,0.03808,"[0.0333-0.0428]",10512,6767,9343,6307,21091,13640,18792,12758
"Kandal",2015,0.05784,"[0.0533-0.0623]",10512,6767,9343,6307,21091,13640,18792,12758
"Kandal",2016,0.05126,"[0.0469-0.0556]",10512,6767,9343,6307,21091,13640,18792,12758
"Kandal",2017,0.03617,"[0.0318-0.0405]",10512,6767,9343,6307,21091,13640,18792,12758
"Kandal",2018,0.07495,"[0.071-0.0788]",10512,6767,9343,6307,21091,13640,18792,12758
"Kandal",2019,0.08488,"[0.0817-0.088]",10512,6767,9343,6307,21091,13640,18792,12758
"Kandal",2020,0.1001,"[0.0945-0.106]",10512,6767,9343,6307,21091,13640,18792,12758
"Kep",1988,0.06648,"[0-0.373]",618,556,597,550,1301,1217,1298,1243
"Kep",1989,1e-07,"[0-0.29]",618,556,597,550,1301,1217,1298,1243
"Kep",1990,0.1706,"[0-0.43]",618,556,597,550,1301,1217,1298,1243
"Kep",1991,0.0919,"[0-0.305]",618,556,597,550,1301,1217,1298,1243
"Kep",1992,1e-07,"[0-0.189]",618,556,597,550,1301,1217,1298,1243
"Kep",1993,1e-07,"[0-0.168]",618,556,597,550,1301,1217,1298,1243
"Kep",1994,0.07814,"[0-0.226]",618,556,597,550,1301,1217,1298,1243
"Kep",1995,0.09971,"[0-0.23]",618,556,597,550,1301,1217,1298,1243
"Kep",1996,0.07269,"[0-0.187]",618,556,597,550,1301,1217,1298,1243
"Kep",1997,0.1038,"[0.00294-0.205]",618,556,597,550,1301,1217,1298,1243
"Kep",1998,0.0338,"[0-0.124]",618,556,597,550,1301,1217,1298,1243
"Kep",1999,0.1069,"[0.0257-0.188]",618,556,597,550,1301,1217,1298,1243
"Kep",2000,0.07847,"[0.00743-0.15]",618,556,597,550,1301,1217,1298,1243
"Kep",2001,0.0541,"[0-0.118]",618,556,597,550,1301,1217,1298,1243
"Kep",2002,0.1514,"[0.107-0.196]",618,556,597,550,1301,1217,1298,1243
"Kep",2003,0.03319,"[0-0.0667]",618,556,597,550,1301,1217,1298,1243
"Kep",2004,0.0264,"[0-0.0786]",618,556,597,550,1301,1217,1298,1243
"Kep",2005,0.08153,"[0.0282-0.135]",618,556,597,550,1301,1217,1298,1243
"Kep",2006,0.04328,"[0-0.0927]",618,556,597,550,1301,1217,1298,1243
"Kep",2007,0.1234,"[0.0851-0.162]",618,556,597,550,1301,1217,1298,1243
"Kep",2008,1e-07,"[0-0.042]",618,556,597,550,1301,1217,1298,1243
"Kep",2009,0.02461,"[0-0.0739]",618,556,597,550,1301,1217,1298,1243
"Kep",2010,0.104,"[0.0664-0.142]",618,556,597,550,1301,1217,1298,1243
"Kep",2011,0.04199,"[0.00431-0.0797]",618,556,597,550,1301,1217,1298,1243
"Kep",2012,0.04871,"[0.0117-0.0857]",618,556,597,550,1301,1217,1298,1243
"Kep",2013,0.05247,"[0.0172-0.0877]",618,556,597,550,1301,1217,1298,1243
"Kep",2014,1e-07,"[0-0.0423]",618,556,597,550,1301,1217,1298,1243
"Kep",2015,0.0534,"[0.00843-0.0984]",618,556,597,550,1301,1217,1298,1243
"Kep",2016,0.06829,"[0.0307-0.106]",618,556,597,550,1301,1217,1298,1243
"Kep",2017,0.03007,"[0.00356-0.0566]",618,556,597,550,1301,1217,1298,1243
"Kep",2018,0.04424,"[0.0174-0.0711]",618,556,597,550,1301,1217,1298,1243
"Kep",2019,0.04069,"[0.0234-0.058]",618,556,597,550,1301,1217,1298,1243
"Kep",2020,0.01778,"[0-0.0695]",618,556,597,550,1301,1217,1298,1243
"Koh Kong",1990,1e-07,"[0-0.318]",1201,1094,1105,1052,2464,2289,2310,2241
"Koh Kong",1991,0.149,"[0-0.39]",1201,1094,1105,1052,2464,2289,2310,2241
"Koh Kong",1992,0.03685,"[0-0.238]",1201,1094,1105,1052,2464,2289,2310,2241
"Koh Kong",1993,0.03654,"[0-0.212]",1201,1094,1105,1052,2464,2289,2310,2241
"Koh Kong",1994,0.08277,"[0-0.238]",1201,1094,1105,1052,2464,2289,2310,2241
"Koh Kong",1995,0.1017,"[0-0.236]",1201,1094,1105,1052,2464,2289,2310,2241
"Koh Kong",1996,0.0917,"[0-0.207]",1201,1094,1105,1052,2464,2289,2310,2241
"Koh Kong",1997,0.118,"[0.0193-0.217]",1201,1094,1105,1052,2464,2289,2310,2241
"Koh Kong",1998,0.1045,"[0.02-0.189]",1201,1094,1105,1052,2464,2289,2310,2241
"Koh Kong",1999,0.07845,"[0.0047-0.152]",1201,1094,1105,1052,2464,2289,2310,2241
"Koh Kong",2000,0.09732,"[0.0326-0.162]",1201,1094,1105,1052,2464,2289,2310,2241
"Koh Kong",2001,0.09706,"[0.0431-0.151]",1201,1094,1105,1052,2464,2289,2310,2241
"Koh Kong",2002,0.07498,"[0.036-0.114]",1201,1094,1105,1052,2464,2289,2310,2241
"Koh Kong",2003,0.096,"[0.0609-0.131]",1201,1094,1105,1052,2464,2289,2310,2241
"Koh Kong",2004,0.08124,"[0.0469-0.116]",1201,1094,1105,1052,2464,2289,2310,2241
"Koh Kong",2005,0.1152,"[0.0871-0.143]",1201,1094,1105,1052,2464,2289,2310,2241
"Koh Kong",2006,0.06676,"[0.0399-0.0936]",1201,1094,1105,1052,2464,2289,2310,2241
"Koh Kong",2007,0.1041,"[0.0801-0.128]",1201,1094,1105,1052,2464,2289,2310,2241
"Koh Kong",2008,0.06297,"[0.037-0.0889]",1201,1094,1105,1052,2464,2289,2310,2241
"Koh Kong",2009,0.09853,"[0.0726-0.124]",1201,1094,1105,1052,2464,2289,2310,2241
"Koh Kong",2010,0.1235,"[0.101-0.146]",1201,1094,1105,1052,2464,2289,2310,2241
"Koh Kong",2011,0.04384,"[0.021-0.0667]",1201,1094,1105,1052,2464,2289,2310,2241
"Koh Kong",2012,0.1135,"[0.0926-0.134]",1201,1094,1105,1052,2464,2289,2310,2241
"Koh Kong",2013,0.06974,"[0.0537-0.0858]",1201,1094,1105,1052,2464,2289,2310,2241
"Koh Kong",2014,1e-07,"[0-0.03]",1201,1094,1105,1052,2464,2289,2310,2241
"Koh Kong",2015,0.07238,"[0.0398-0.105]",1201,1094,1105,1052,2464,2289,2310,2241
"Koh Kong",2016,0.0223,"[0-0.0512]",1201,1094,1105,1052,2464,2289,2310,2241
"Koh Kong",2017,0.06837,"[0.0428-0.0939]",1201,1094,1105,1052,2464,2289,2310,2241
"Koh Kong",2018,0.066,"[0.0463-0.0857]",1201,1094,1105,1052,2464,2289,2310,2241
"Koh Kong",2019,0.08922,"[0.0749-0.104]",1201,1094,1105,1052,2464,2289,2310,2241
"Koh Kong",2020,0.2072,"[0.178-0.237]",1201,1094,1105,1052,2464,2289,2310,2241
"Kratie",1984,0.06188,"[0-0.267]",2447,1965,1698,1506,4968,4042,3508,3163
"Kratie",1985,0.02768,"[0-0.22]",2447,1965,1698,1506,4968,4042,3508,3163
"Kratie",1986,0.01614,"[0-0.202]",2447,1965,1698,1506,4968,4042,3508,3163
"Kratie",1987,0.03427,"[0-0.213]",2447,1965,1698,1506,4968,4042,3508,3163
"Kratie",1988,0.005203,"[0-0.178]",2447,1965,1698,1506,4968,4042,3508,3163
"Kratie",1989,1e-07,"[0-0.164]",2447,1965,1698,1506,4968,4042,3508,3163
"Kratie",1990,1e-07,"[0-0.148]",2447,1965,1698,1506,4968,4042,3508,3163
"Kratie",1991,0.07599,"[0-0.209]",2447,1965,1698,1506,4968,4042,3508,3163
"Kratie",1992,0.1189,"[0.00303-0.235]",2447,1965,1698,1506,4968,4042,3508,3163
"Kratie",1993,0.09873,"[0-0.198]",2447,1965,1698,1506,4968,4042,3508,3163
"Kratie",1994,0.07472,"[0-0.163]",2447,1965,1698,1506,4968,4042,3508,3163
"Kratie",1995,0.08144,"[0.00309-0.16]",2447,1965,1698,1506,4968,4042,3508,3163
"Kratie",1996,0.12,"[0.0527-0.187]",2447,1965,1698,1506,4968,4042,3508,3163
"Kratie",1997,0.08073,"[0.0223-0.139]",2447,1965,1698,1506,4968,4042,3508,3163
"Kratie",1998,0.0922,"[0.0402-0.144]",2447,1965,1698,1506,4968,4042,3508,3163
"Kratie",1999,0.09623,"[0.0504-0.142]",2447,1965,1698,1506,4968,4042,3508,3163
"Kratie",2000,0.07146,"[0.031-0.112]",2447,1965,1698,1506,4968,4042,3508,3163
"Kratie",2001,0.09678,"[0.0619-0.132]",2447,1965,1698,1506,4968,4042,3508,3163
"Kratie",2002,0.164,"[0.14-0.188]",2447,1965,1698,1506,4968,4042,3508,3163
"Kratie",2003,0.1493,"[0.13-0.168]",2447,1965,1698,1506,4968,4042,3508,3163
"Kratie",2004,0.0571,"[0.0392-0.075]",2447,1965,1698,1506,4968,4042,3508,3163
"Kratie",2005,0.06476,"[0.0443-0.0852]",2447,1965,1698,1506,4968,4042,3508,3163
"Kratie",2006,0.09881,"[0.0805-0.117]",2447,1965,1698,1506,4968,4042,3508,3163
"Kratie",2007,0.1201,"[0.104-0.136]",2447,1965,1698,1506,4968,4042,3508,3163
"Kratie",2008,0.06609,"[0.0482-0.084]",2447,1965,1698,1506,4968,4042,3508,3163
"Kratie",2009,0.1434,"[0.127-0.16]",2447,1965,1698,1506,4968,4042,3508,3163
"Kratie",2010,0.06299,"[0.0468-0.0792]",2447,1965,1698,1506,4968,4042,3508,3163
"Kratie",2011,0.07897,"[0.0624-0.0956]",2447,1965,1698,1506,4968,4042,3508,3163
"Kratie",2012,0.07405,"[0.0585-0.0896]",2447,1965,1698,1506,4968,4042,3508,3163
"Kratie",2013,0.07392,"[0.0571-0.0907]",2447,1965,1698,1506,4968,4042,3508,3163
"Kratie",2014,0.03015,"[0.0117-0.0486]",2447,1965,1698,1506,4968,4042,3508,3163
"Kratie",2015,0.09574,"[0.0798-0.112]",2447,1965,1698,1506,4968,4042,3508,3163
"Kratie",2016,0.03253,"[0.0185-0.0466]",2447,1965,1698,1506,4968,4042,3508,3163
"Kratie",2017,0.03032,"[0.0143-0.0464]",2447,1965,1698,1506,4968,4042,3508,3163
"Kratie",2018,0.09852,"[0.0841-0.113]",2447,1965,1698,1506,4968,4042,3508,3163
"Kratie",2019,0.07442,"[0.0645-0.0843]",2447,1965,1698,1506,4968,4042,3508,3163
"Kratie",2020,0.04109,"[0.0303-0.0518]",2447,1965,1698,1506,4968,4042,3508,3163
"Mondul Kiri",1989,0.01695,"[0-0.0681]",1079,1820,1067,1843,2222,3741,2236,3826
"Mondul Kiri",1990,0.03602,"[0-0.0853]",1079,1820,1067,1843,2222,3741,2236,3826
"Mondul Kiri",1991,0.02513,"[0-0.0723]",1079,1820,1067,1843,2222,3741,2236,3826
"Mondul Kiri",1992,0.02287,"[0-0.0685]",1079,1820,1067,1843,2222,3741,2236,3826
"Mondul Kiri",1993,0.02403,"[0-0.0682]",1079,1820,1067,1843,2222,3741,2236,3826
"Mondul Kiri",1994,0.0196,"[0-0.0622]",1079,1820,1067,1843,2222,3741,2236,3826
"Mondul Kiri",1995,0.03182,"[0-0.0727]",1079,1820,1067,1843,2222,3741,2236,3826
"Mondul Kiri",1996,0.02591,"[0-0.0652]",1079,1820,1067,1843,2222,3741,2236,3826
"Mondul Kiri",1997,0.02451,"[0-0.0624]",1079,1820,1067,1843,2222,3741,2236,3826
"Mondul Kiri",1998,0.02964,"[0-0.0659]",1079,1820,1067,1843,2222,3741,2236,3826
"Mondul Kiri",1999,0.02872,"[0-0.0632]",1079,1820,1067,1843,2222,3741,2236,3826
"Mondul Kiri",2000,0.03594,"[0.00319-0.0687]",1079,1820,1067,1843,2222,3741,2236,3826
"Mondul Kiri",2001,0.02962,"[0-0.0609]",1079,1820,1067,1843,2222,3741,2236,3826
"Mondul Kiri",2002,0.04099,"[0.012-0.07]",1079,1820,1067,1843,2222,3741,2236,3826
"Mondul Kiri",2003,0.02379,"[0-0.0501]",1079,1820,1067,1843,2222,3741,2236,3826
"Mondul Kiri",2004,0.02303,"[0-0.0492]",1079,1820,1067,1843,2222,3741,2236,3826
"Mondul Kiri",2005,0.0273,"[0.0014-0.0532]",1079,1820,1067,1843,2222,3741,2236,3826
"Mondul Kiri",2006,0.03593,"[0.0127-0.0591]",1079,1820,1067,1843,2222,3741,2236,3826
"Mondul Kiri",2007,0.03228,"[0.0126-0.052]",1079,1820,1067,1843,2222,3741,2236,3826
"Mondul Kiri",2008,0.05306,"[0.0348-0.0713]",1079,1820,1067,1843,2222,3741,2236,3826
"Mondul Kiri",2009,1e-07,"[0-0.02]",1079,1820,1067,1843,2222,3741,2236,3826
"Mondul Kiri",2010,0.02531,"[0.00464-0.046]",1079,1820,1067,1843,2222,3741,2236,3826
"Mondul Kiri",2011,0.04526,"[0.0279-0.0626]",1079,1820,1067,1843,2222,3741,2236,3826
"Mondul Kiri",2012,0.04229,"[0.0278-0.0568]",1079,1820,1067,1843,2222,3741,2236,3826
"Mondul Kiri",2013,1e-07,"[0-0.017]",1079,1820,1067,1843,2222,3741,2236,3826
"Mondul Kiri",2014,0.02582,"[0.0074-0.0442]",1079,1820,1067,1843,2222,3741,2236,3826
"Mondul Kiri",2015,0.0511,"[0.0352-0.067]",1079,1820,1067,1843,2222,3741,2236,3826
"Mondul Kiri",2016,0.07293,"[0.0626-0.0832]",1079,1820,1067,1843,2222,3741,2236,3826
"Mondul Kiri",2017,1e-07,"[0-0.0127]",1079,1820,1067,1843,2222,3741,2236,3826
"Mondul Kiri",2018,0.03078,"[0.0166-0.0449]",1079,1820,1067,1843,2222,3741,2236,3826
"Mondul Kiri",2019,0.04488,"[0.0361-0.0536]",1079,1820,1067,1843,2222,3741,2236,3826
"Mondul Kiri",2020,0.1822,"[0.107-0.257]",1079,1820,1067,1843,2222,3741,2236,3826
"National",1981,0.002015,"[0-0.0233]",143121,70100,80666,37204,286323,140318,161450,74564
"National",1982,1e-07,"[0-0.0203]",143121,70100,80666,37204,286323,140318,161450,74564
"National",1983,1e-07,"[0-0.0191]",143121,70100,80666,37204,286323,140318,161450,74564
"National",1984,0.01986,"[0.00122-0.0385]",143121,70100,80666,37204,286323,140318,161450,74564
"National",1985,0.02684,"[0.0088-0.0449]",143121,70100,80666,37204,286323,140318,161450,74564
"National",1986,0.02059,"[0.00314-0.038]",143121,70100,80666,37204,286323,140318,161450,74564
"National",1987,0.02653,"[0.00966-0.0434]",143121,70100,80666,37204,286323,140318,161450,74564
"National",1988,0.03231,"[0.0161-0.0485]",143121,70100,80666,37204,286323,140318,161450,74564
"National",1989,0.04714,"[0.0318-0.0625]",143121,70100,80666,37204,286323,140318,161450,74564
"National",1990,0.08262,"[0.0686-0.0967]",143121,70100,80666,37204,286323,140318,161450,74564
"National",1991,0.1081,"[0.0958-0.12]",143121,70100,80666,37204,286323,140318,161450,74564
"National",1992,0.09554,"[0.0848-0.106]",143121,70100,80666,37204,286323,140318,161450,74564
"National",1993,0.1135,"[0.104-0.123]",143121,70100,80666,37204,286323,140318,161450,74564
"National",1994,0.1207,"[0.113-0.129]",143121,70100,80666,37204,286323,140318,161450,74564
"National",1995,0.1159,"[0.109-0.123]",143121,70100,80666,37204,286323,140318,161450,74564
"National",1996,0.1062,"[0.1-0.112]",143121,70100,80666,37204,286323,140318,161450,74564
"National",1997,0.09834,"[0.0932-0.103]",143121,70100,80666,37204,286323,140318,161450,74564
"National",1998,0.09307,"[0.0885-0.0976]",143121,70100,80666,37204,286323,140318,161450,74564
"National",1999,0.09087,"[0.0869-0.0949]",143121,70100,80666,37204,286323,140318,161450,74564
"National",2000,0.0852,"[0.0817-0.0887]",143121,70100,80666,37204,286323,140318,161450,74564
"National",2001,0.09305,"[0.09-0.0961]",143121,70100,80666,37204,286323,140318,161450,74564
"National",2002,0.09267,"[0.0905-0.0949]",143121,70100,80666,37204,286323,140318,161450,74564
"National",2003,0.09519,"[0.0933-0.097]",143121,70100,80666,37204,286323,140318,161450,74564
"National",2004,0.09037,"[0.0885-0.0922]",143121,70100,80666,37204,286323,140318,161450,74564
"National",2005,0.09695,"[0.0952-0.0988]",143121,70100,80666,37204,286323,140318,161450,74564
"National",2006,0.09832,"[0.0967-0.0999]",143121,70100,80666,37204,286323,140318,161450,74564
"National",2007,0.09537,"[0.0941-0.0966]",143121,70100,80666,37204,286323,140318,161450,74564
"National",2008,0.07675,"[0.0752-0.0783]",143121,70100,80666,37204,286323,140318,161450,74564
"National",2009,0.08133,"[0.0797-0.0829]",143121,70100,80666,37204,286323,140318,161450,74564
"National",2010,0.09413,"[0.0926-0.0956]",143121,70100,80666,37204,286323,140318,161450,74564
"National",2011,0.06938,"[0.068-0.0708]",143121,70100,80666,37204,286323,140318,161450,74564
"National",2012,0.08437,"[0.0832-0.0856]",143121,70100,80666,37204,286323,140318,161450,74564
"National",2013,0.06309,"[0.0619-0.0643]",143121,70100,80666,37204,286323,140318,161450,74564
"National",2014,0.03428,"[0.0328-0.0357]",143121,70100,80666,37204,286323,140318,161450,74564
"National",2015,0.06597,"[0.0645-0.0674]",143121,70100,80666,37204,286323,140318,161450,74564
"National",2016,0.04755,"[0.0463-0.0488]",143121,70100,80666,37204,286323,140318,161450,74564
"National",2017,0.03861,"[0.0373-0.04]",143121,70100,80666,37204,286323,140318,161450,74564
"National",2018,0.06771,"[0.0665-0.069]",143121,70100,80666,37204,286323,140318,161450,74564
"National",2019,0.07819,"[0.0772-0.0791]",143121,70100,80666,37204,286323,140318,161450,74564
"National",2020,0.0596,"[0.0581-0.0611]",143121,70100,80666,37204,286323,140318,161450,74564
"Otdar Meanchey",1991,0.1049,"[0.00909-0.201]",2554,1817,2059,1538,5168,3732,4215,3212
"Otdar Meanchey",1992,0.09691,"[0.0135-0.18]",2554,1817,2059,1538,5168,3732,4215,3212
"Otdar Meanchey",1993,0.06207,"[0-0.136]",2554,1817,2059,1538,5168,3732,4215,3212
"Otdar Meanchey",1994,0.08601,"[0.0194-0.153]",2554,1817,2059,1538,5168,3732,4215,3212
"Otdar Meanchey",1995,0.08943,"[0.0305-0.148]",2554,1817,2059,1538,5168,3732,4215,3212
"Otdar Meanchey",1996,0.08569,"[0.0336-0.138]",2554,1817,2059,1538,5168,3732,4215,3212
"Otdar Meanchey",1997,0.08627,"[0.0398-0.133]",2554,1817,2059,1538,5168,3732,4215,3212
"Otdar Meanchey",1998,0.0818,"[0.0402-0.123]",2554,1817,2059,1538,5168,3732,4215,3212
"Otdar Meanchey",1999,0.0879,"[0.0507-0.125]",2554,1817,2059,1538,5168,3732,4215,3212
"Otdar Meanchey",2000,0.08871,"[0.0559-0.122]",2554,1817,2059,1538,5168,3732,4215,3212
"Otdar Meanchey",2001,0.101,"[0.0729-0.129]",2554,1817,2059,1538,5168,3732,4215,3212
"Otdar Meanchey",2002,0.08558,"[0.0636-0.108]",2554,1817,2059,1538,5168,3732,4215,3212
"Otdar Meanchey",2003,0.09532,"[0.08-0.111]",2554,1817,2059,1538,5168,3732,4215,3212
"Otdar Meanchey",2004,0.09199,"[0.0751-0.109]",2554,1817,2059,1538,5168,3732,4215,3212
"Otdar Meanchey",2005,0.114,"[0.0972-0.131]",2554,1817,2059,1538,5168,3732,4215,3212
"Otdar Meanchey",2006,0.09175,"[0.0764-0.107]",2554,1817,2059,1538,5168,3732,4215,3212
"Otdar Meanchey",2007,0.1244,"[0.112-0.137]",2554,1817,2059,1538,5168,3732,4215,3212
"Otdar Meanchey",2008,0.08829,"[0.0766-0.1]",2554,1817,2059,1538,5168,3732,4215,3212
"Otdar Meanchey",2009,0.1024,"[0.0881-0.117]",2554,1817,2059,1538,5168,3732,4215,3212
"Otdar Meanchey",2010,0.09321,"[0.0797-0.107]",2554,1817,2059,1538,5168,3732,4215,3212
"Otdar Meanchey",2011,0.07766,"[0.0663-0.089]",2554,1817,2059,1538,5168,3732,4215,3212
"Otdar Meanchey",2012,0.09363,"[0.0849-0.102]",2554,1817,2059,1538,5168,3732,4215,3212
"Otdar Meanchey",2013,0.07576,"[0.0675-0.084]",2554,1817,2059,1538,5168,3732,4215,3212
"Otdar Meanchey",2014,0.03343,"[0.0213-0.0455]",2554,1817,2059,1538,5168,3732,4215,3212
"Otdar Meanchey",2015,0.08243,"[0.0716-0.0933]",2554,1817,2059,1538,5168,3732,4215,3212
"Otdar Meanchey",2016,0.06134,"[0.0521-0.0705]",2554,1817,2059,1538,5168,3732,4215,3212
"Otdar Meanchey",2017,0.03184,"[0.0223-0.0414]",2554,1817,2059,1538,5168,3732,4215,3212
"Otdar Meanchey",2018,0.07536,"[0.0664-0.0843]",2554,1817,2059,1538,5168,3732,4215,3212
"Otdar Meanchey",2019,0.08685,"[0.0807-0.0931]",2554,1817,2059,1538,5168,3732,4215,3212
"Otdar Meanchey",2020,0.01836,"[0.0105-0.0262]",2554,1817,2059,1538,5168,3732,4215,3212
"Pailin",1996,0.02395,"[0-0.128]",1278,1262,1164,1156,2605,2613,2415,2437
"Pailin",1997,1e-07,"[0-0.0963]",1278,1262,1164,1156,2605,2613,2415,2437
"Pailin",1998,0.03514,"[0-0.125]",1278,1262,1164,1156,2605,2613,2415,2437
"Pailin",1999,0.07404,"[0-0.157]",1278,1262,1164,1156,2605,2613,2415,2437
"Pailin",2000,0.05449,"[0-0.13]",1278,1262,1164,1156,2605,2613,2415,2437
"Pailin",2001,0.07909,"[0.0106-0.148]",1278,1262,1164,1156,2605,2613,2415,2437
"Pailin",2002,0.06039,"[0-0.123]",1278,1262,1164,1156,2605,2613,2415,2437
"Pailin",2003,0.0584,"[0.000804-0.116]",1278,1262,1164,1156,2605,2613,2415,2437
"Pailin",2004,0.0823,"[0.0336-0.131]",1278,1262,1164,1156,2605,2613,2415,2437
"Pailin",2005,0.1105,"[0.0741-0.147]",1278,1262,1164,1156,2605,2613,2415,2437
"Pailin",2006,0.1214,"[0.0919-0.151]",1278,1262,1164,1156,2605,2613,2415,2437
"Pailin",2007,0.0881,"[0.0632-0.113]",1278,1262,1164,1156,2605,2613,2415,2437
"Pailin",2008,0.0541,"[0.0295-0.0787]",1278,1262,1164,1156,2605,2613,2415,2437
"Pailin",2009,0.08794,"[0.0609-0.115]",1278,1262,1164,1156,2605,2613,2415,2437
"Pailin",2010,0.1042,"[0.0815-0.127]",1278,1262,1164,1156,2605,2613,2415,2437
"Pailin",2011,0.06239,"[0.0442-0.0805]",1278,1262,1164,1156,2605,2613,2415,2437
"Pailin",2012,0.08747,"[0.0713-0.104]",1278,1262,1164,1156,2605,2613,2415,2437
"Pailin",2013,0.05369,"[0.0382-0.0692]",1278,1262,1164,1156,2605,2613,2415,2437
"Pailin",2014,0.03049,"[0.0129-0.0481]",1278,1262,1164,1156,2605,2613,2415,2437
"Pailin",2015,0.04472,"[0.0255-0.0639]",1278,1262,1164,1156,2605,2613,2415,2437
"Pailin",2016,0.01389,"[0-0.036]",1278,1262,1164,1156,2605,2613,2415,2437
"Pailin",2017,0.02067,"[0-0.047]",1278,1262,1164,1156,2605,2613,2415,2437
"Pailin",2018,0.07223,"[0.0496-0.0948]",1278,1262,1164,1156,2605,2613,2415,2437
"Pailin",2019,0.1012,"[0.0886-0.114]",1278,1262,1164,1156,2605,2613,2415,2437
"Pailin",2020,0.05377,"[0.0365-0.071]",1278,1262,1164,1156,2605,2613,2415,2437
"Phnom Penh",1985,0.07235,"[0-0.231]",10667,8441,12889,10910,21405,16991,25888,21969
"Phnom Penh",1986,0.01377,"[0-0.158]",10667,8441,12889,10910,21405,16991,25888,21969
"Phnom Penh",1987,0.001079,"[0-0.133]",10667,8441,12889,10910,21405,16991,25888,21969
"Phnom Penh",1988,0.05053,"[0-0.169]",10667,8441,12889,10910,21405,16991,25888,21969
"Phnom Penh",1989,0.2716,"[0.177-0.366]",10667,8441,12889,10910,21405,16991,25888,21969
"Phnom Penh",1990,0.292,"[0.228-0.356]",10667,8441,12889,10910,21405,16991,25888,21969
"Phnom Penh",1991,0.2441,"[0.201-0.287]",10667,8441,12889,10910,21405,16991,25888,21969
"Phnom Penh",1992,0.162,"[0.13-0.194]",10667,8441,12889,10910,21405,16991,25888,21969
"Phnom Penh",1993,0.1698,"[0.144-0.195]",10667,8441,12889,10910,21405,16991,25888,21969
"Phnom Penh",1994,0.1435,"[0.123-0.164]",10667,8441,12889,10910,21405,16991,25888,21969
"Phnom Penh",1995,0.1208,"[0.103-0.138]",10667,8441,12889,10910,21405,16991,25888,21969
"Phnom Penh",1996,0.1096,"[0.0948-0.124]",10667,8441,12889,10910,21405,16991,25888,21969
"Phnom Penh",1997,0.09506,"[0.0822-0.108]",10667,8441,12889,10910,21405,16991,25888,21969
"Phnom Penh",1998,0.08256,"[0.0711-0.094]",10667,8441,12889,10910,21405,16991,25888,21969
"Phnom Penh",1999,0.07729,"[0.0671-0.0875]",10667,8441,12889,10910,21405,16991,25888,21969
"Phnom Penh",2000,0.07768,"[0.0686-0.0867]",10667,8441,12889,10910,21405,16991,25888,21969
"Phnom Penh",2001,0.08741,"[0.0797-0.0951]",10667,8441,12889,10910,21405,16991,25888,21969
"Phnom Penh",2002,0.06539,"[0.0599-0.0709]",10667,8441,12889,10910,21405,16991,25888,21969
"Phnom Penh",2003,0.08656,"[0.0814-0.0917]",10667,8441,12889,10910,21405,16991,25888,21969
"Phnom Penh",2004,0.1037,"[0.0985-0.109]",10667,8441,12889,10910,21405,16991,25888,21969
"Phnom Penh",2005,0.1006,"[0.0954-0.106]",10667,8441,12889,10910,21405,16991,25888,21969
"Phnom Penh",2006,0.106,"[0.102-0.11]",10667,8441,12889,10910,21405,16991,25888,21969
"Phnom Penh",2007,0.08962,"[0.086-0.0932]",10667,8441,12889,10910,21405,16991,25888,21969
"Phnom Penh",2008,0.0917,"[0.0874-0.096]",10667,8441,12889,10910,21405,16991,25888,21969
"Phnom Penh",2009,0.09784,"[0.0934-0.102]",10667,8441,12889,10910,21405,16991,25888,21969
"Phnom Penh",2010,0.1195,"[0.115-0.124]",10667,8441,12889,10910,21405,16991,25888,21969
"Phnom Penh",2011,0.0609,"[0.0572-0.0646]",10667,8441,12889,10910,21405,16991,25888,21969
"Phnom Penh",2012,0.0776,"[0.074-0.0812]",10667,8441,12889,10910,21405,16991,25888,21969
"Phnom Penh",2013,0.06859,"[0.0647-0.0725]",10667,8441,12889,10910,21405,16991,25888,21969
"Phnom Penh",2014,0.0572,"[0.053-0.0614]",10667,8441,12889,10910,21405,16991,25888,21969
"Phnom Penh",2015,0.05702,"[0.0532-0.0609]",10667,8441,12889,10910,21405,16991,25888,21969
"Phnom Penh",2016,0.05307,"[0.0496-0.0566]",10667,8441,12889,10910,21405,16991,25888,21969
"Phnom Penh",2017,0.03988,"[0.0368-0.043]",10667,8441,12889,10910,21405,16991,25888,21969
"Phnom Penh",2018,0.08473,"[0.082-0.0875]",10667,8441,12889,10910,21405,16991,25888,21969
"Phnom Penh",2019,0.1252,"[0.122-0.128]",10667,8441,12889,10910,21405,16991,25888,21969
"Phnom Penh",2020,0.1388,"[0.134-0.144]",10667,8441,12889,10910,21405,16991,25888,21969
"Preah Sihanouk",1990,1e-07,"[0-0.0488]",9878,8253,9407,7950,19818,16607,18914,16038
"Preah Sihanouk",1991,1e-07,"[0-0.0422]",9878,8253,9407,7950,19818,16607,18914,16038
"Preah Sihanouk",1992,1e-07,"[0-0.042]",9878,8253,9407,7950,19818,16607,18914,16038
"Preah Sihanouk",1993,0.005305,"[0-0.0461]",9878,8253,9407,7950,19818,16607,18914,16038
"Preah Sihanouk",1994,0.01523,"[0-0.0543]",9878,8253,9407,7950,19818,16607,18914,16038
"Preah Sihanouk",1995,0.0274,"[0-0.0647]",9878,8253,9407,7950,19818,16607,18914,16038
"Preah Sihanouk",1996,0.05106,"[0.016-0.0861]",9878,8253,9407,7950,19818,16607,18914,16038
"Preah Sihanouk",1997,0.03272,"[0-0.0654]",9878,8253,9407,7950,19818,16607,18914,16038
"Preah Sihanouk",1998,0.05756,"[0.027-0.0881]",9878,8253,9407,7950,19818,16607,18914,16038
"Preah Sihanouk",1999,0.0446,"[0.0161-0.0731]",9878,8253,9407,7950,19818,16607,18914,16038
"Preah Sihanouk",2000,0.0423,"[0.0156-0.069]",9878,8253,9407,7950,19818,16607,18914,16038
"Preah Sihanouk",2001,0.06089,"[0.0362-0.0856]",9878,8253,9407,7950,19818,16607,18914,16038
"Preah Sihanouk",2002,0.09245,"[0.0725-0.112]",9878,8253,9407,7950,19818,16607,18914,16038
"Preah Sihanouk",2003,0.06277,"[0.0473-0.0783]",9878,8253,9407,7950,19818,16607,18914,16038
"Preah Sihanouk",2004,0.05512,"[0.041-0.0692]",9878,8253,9407,7950,19818,16607,18914,16038
"Preah Sihanouk",2005,0.08457,"[0.0724-0.0967]",9878,8253,9407,7950,19818,16607,18914,16038
"Preah Sihanouk",2006,0.01731,"[0.00753-0.0271]",9878,8253,9407,7950,19818,16607,18914,16038
"Preah Sihanouk",2007,0.1208,"[0.111-0.131]",9878,8253,9407,7950,19818,16607,18914,16038
"Preah Sihanouk",2008,0.003679,"[0.00105-0.00631]",9878,8253,9407,7950,19818,16607,18914,16038
"Preah Sihanouk",2009,0.05116,"[0.0429-0.0594]",9878,8253,9407,7950,19818,16607,18914,16038
"Preah Sihanouk",2010,0.06529,"[0.0562-0.0744]",9878,8253,9407,7950,19818,16607,18914,16038
"Preah Sihanouk",2011,0.03071,"[0.0224-0.0391]",9878,8253,9407,7950,19818,16607,18914,16038
"Preah Sihanouk",2012,0.07738,"[0.0696-0.0851]",9878,8253,9407,7950,19818,16607,18914,16038
"Preah Sihanouk",2013,0.008534,"[0.0051-0.012]",9878,8253,9407,7950,19818,16607,18914,16038
"Preah Sihanouk",2014,0.006144,"[0.00231-0.00997]",9878,8253,9407,7950,19818,16607,18914,16038
"Preah Sihanouk",2015,0.01894,"[0.0123-0.0255]",9878,8253,9407,7950,19818,16607,18914,16038
"Preah Sihanouk",2016,0.03878,"[0.0306-0.047]",9878,8253,9407,7950,19818,16607,18914,16038
"Preah Sihanouk",2017,0.02025,"[0.012-0.0285]",9878,8253,9407,7950,19818,16607,18914,16038
"Preah Sihanouk",2018,0.07432,"[0.0664-0.0823]",9878,8253,9407,7950,19818,16607,18914,16038
"Preah Sihanouk",2019,0.04427,"[0.0398-0.0487]",9878,8253,9407,7950,19818,16607,18914,16038
"Preah Sihanouk",2020,0.02912,"[0.0234-0.0349]",9878,8253,9407,7950,19818,16607,18914,16038
"Preah Vihear",1989,0.03583,"[0-0.123]",4500,3894,3623,3360,9063,7890,7349,6860
"Preah Vihear",1990,0.01124,"[0-0.0947]",4500,3894,3623,3360,9063,7890,7349,6860
"Preah Vihear",1991,0.0256,"[0-0.106]",4500,3894,3623,3360,9063,7890,7349,6860
"Preah Vihear",1992,1e-07,"[0-0.0759]",4500,3894,3623,3360,9063,7890,7349,6860
"Preah Vihear",1993,0.03891,"[0-0.11]",4500,3894,3623,3360,9063,7890,7349,6860
"Preah Vihear",1994,1e-07,"[0-0.0674]",4500,3894,3623,3360,9063,7890,7349,6860
"Preah Vihear",1995,0.06226,"[0-0.126]",4500,3894,3623,3360,9063,7890,7349,6860
"Preah Vihear",1996,0.0404,"[0-0.0989]",4500,3894,3623,3360,9063,7890,7349,6860
"Preah Vihear",1997,0.05428,"[0-0.109]",4500,3894,3623,3360,9063,7890,7349,6860
"Preah Vihear",1998,0.05443,"[0.00379-0.105]",4500,3894,3623,3360,9063,7890,7349,6860
"Preah Vihear",1999,0.07956,"[0.0328-0.126]",4500,3894,3623,3360,9063,7890,7349,6860
"Preah Vihear",2000,0.07681,"[0.0347-0.119]",4500,3894,3623,3360,9063,7890,7349,6860
"Preah Vihear",2001,0.09449,"[0.0571-0.132]",4500,3894,3623,3360,9063,7890,7349,6860
"Preah Vihear",2002,0.138,"[0.11-0.166]",4500,3894,3623,3360,9063,7890,7349,6860
"Preah Vihear",2003,0.03969,"[0.0162-0.0632]",4500,3894,3623,3360,9063,7890,7349,6860
"Preah Vihear",2004,0.1126,"[0.0888-0.136]",4500,3894,3623,3360,9063,7890,7349,6860
"Preah Vihear",2005,0.06977,"[0.048-0.0915]",4500,3894,3623,3360,9063,7890,7349,6860
"Preah Vihear",2006,0.1118,"[0.092-0.132]",4500,3894,3623,3360,9063,7890,7349,6860
"Preah Vihear",2007,0.1205,"[0.104-0.137]",4500,3894,3623,3360,9063,7890,7349,6860
"Preah Vihear",2008,0.07321,"[0.0601-0.0863]",4500,3894,3623,3360,9063,7890,7349,6860
"Preah Vihear",2009,0.05211,"[0.0371-0.0671]",4500,3894,3623,3360,9063,7890,7349,6860
"Preah Vihear",2010,0.08052,"[0.0659-0.0951]",4500,3894,3623,3360,9063,7890,7349,6860
"Preah Vihear",2011,0.0633,"[0.0502-0.0764]",4500,3894,3623,3360,9063,7890,7349,6860
"Preah Vihear",2012,0.1112,"[0.101-0.122]",4500,3894,3623,3360,9063,7890,7349,6860
"Preah Vihear",2013,0.0807,"[0.0731-0.0883]",4500,3894,3623,3360,9063,7890,7349,6860
"Preah Vihear",2014,0.02007,"[0.0123-0.0278]",4500,3894,3623,3360,9063,7890,7349,6860
"Preah Vihear",2015,0.0676,"[0.0589-0.0763]",4500,3894,3623,3360,9063,7890,7349,6860
"Preah Vihear",2016,0.06593,"[0.0584-0.0734]",4500,3894,3623,3360,9063,7890,7349,6860
"Preah Vihear",2017,0.01718,"[0.00978-0.0246]",4500,3894,3623,3360,9063,7890,7349,6860
"Preah Vihear",2018,0.06772,"[0.06-0.0754]",4500,3894,3623,3360,9063,7890,7349,6860
"Preah Vihear",2019,0.06573,"[0.0604-0.0711]",4500,3894,3623,3360,9063,7890,7349,6860
"Preah Vihear",2020,0.03068,"[0.023-0.0384]",4500,3894,3623,3360,9063,7890,7349,6860
"Prey Veng",1985,0.03247,"[0-0.23]",4680,3057,4393,3042,9433,6224,8896,6231
"Prey Veng",1986,0.0002229,"[0-0.188]",4680,3057,4393,3042,9433,6224,8896,6231
"Prey Veng",1987,1e-07,"[0-0.184]",4680,3057,4393,3042,9433,6224,8896,6231
"Prey Veng",1988,1e-07,"[0-0.165]",4680,3057,4393,3042,9433,6224,8896,6231
"Prey Veng",1989,0.03509,"[0-0.179]",4680,3057,4393,3042,9433,6224,8896,6231
"Prey Veng",1990,0.08989,"[0-0.218]",4680,3057,4393,3042,9433,6224,8896,6231
"Prey Veng",1991,0.2403,"[0.142-0.339]",4680,3057,4393,3042,9433,6224,8896,6231
"Prey Veng",1992,0.1735,"[0.102-0.245]",4680,3057,4393,3042,9433,6224,8896,6231
"Prey Veng",1993,0.1884,"[0.133-0.244]",4680,3057,4393,3042,9433,6224,8896,6231
"Prey Veng",1994,0.1783,"[0.135-0.222]",4680,3057,4393,3042,9433,6224,8896,6231
"Prey Veng",1995,0.1619,"[0.128-0.196]",4680,3057,4393,3042,9433,6224,8896,6231
"Prey Veng",1996,0.119,"[0.0906-0.147]",4680,3057,4393,3042,9433,6224,8896,6231
"Prey Veng",1997,0.1018,"[0.0773-0.126]",4680,3057,4393,3042,9433,6224,8896,6231
"Prey Veng",1998,0.09876,"[0.0773-0.12]",4680,3057,4393,3042,9433,6224,8896,6231
"Prey Veng",1999,0.101,"[0.0822-0.12]",4680,3057,4393,3042,9433,6224,8896,6231
"Prey Veng",2000,0.09563,"[0.0793-0.112]",4680,3057,4393,3042,9433,6224,8896,6231
"Prey Veng",2001,0.1004,"[0.0866-0.114]",4680,3057,4393,3042,9433,6224,8896,6231
"Prey Veng",2002,0.0706,"[0.0605-0.0807]",4680,3057,4393,3042,9433,6224,8896,6231
"Prey Veng",2003,0.09382,"[0.0845-0.103]",4680,3057,4393,3042,9433,6224,8896,6231
"Prey Veng",2004,0.09038,"[0.0827-0.0981]",4680,3057,4393,3042,9433,6224,8896,6231
"Prey Veng",2005,0.1031,"[0.0948-0.111]",4680,3057,4393,3042,9433,6224,8896,6231
"Prey Veng",2006,0.0983,"[0.0914-0.105]",4680,3057,4393,3042,9433,6224,8896,6231
"Prey Veng",2007,0.07979,"[0.0746-0.085]",4680,3057,4393,3042,9433,6224,8896,6231
"Prey Veng",2008,0.1022,"[0.0946-0.11]",4680,3057,4393,3042,9433,6224,8896,6231
"Prey Veng",2009,0.07293,"[0.0653-0.0806]",4680,3057,4393,3042,9433,6224,8896,6231
"Prey Veng",2010,0.08309,"[0.076-0.0902]",4680,3057,4393,3042,9433,6224,8896,6231
"Prey Veng",2011,0.06608,"[0.0601-0.072]",4680,3057,4393,3042,9433,6224,8896,6231
"Prey Veng",2012,0.09629,"[0.0913-0.101]",4680,3057,4393,3042,9433,6224,8896,6231
"Prey Veng",2013,0.06396,"[0.0582-0.0697]",4680,3057,4393,3042,9433,6224,8896,6231
"Prey Veng",2014,0.05841,"[0.0503-0.0665]",4680,3057,4393,3042,9433,6224,8896,6231
"Prey Veng",2015,0.07084,"[0.0631-0.0786]",4680,3057,4393,3042,9433,6224,8896,6231
"Prey Veng",2016,0.04413,"[0.0369-0.0514]",4680,3057,4393,3042,9433,6224,8896,6231
"Prey Veng",2017,0.03533,"[0.0278-0.0429]",4680,3057,4393,3042,9433,6224,8896,6231
"Prey Veng",2018,0.06958,"[0.0626-0.0765]",4680,3057,4393,3042,9433,6224,8896,6231
"Prey Veng",2019,0.08254,"[0.077-0.0881]",4680,3057,4393,3042,9433,6224,8896,6231
"Prey Veng",2020,0.1128,"[0.101-0.125]",4680,3057,4393,3042,9433,6224,8896,6231
"Pursat",1989,1e-07,"[0-0.164]",2019,1720,1728,1537,4101,3543,3558,3215
"Pursat",1990,1e-07,"[0-0.137]",2019,1720,1728,1537,4101,3543,3558,3215
"Pursat",1991,1e-07,"[0-0.119]",2019,1720,1728,1537,4101,3543,3558,3215
"Pursat",1992,0.01691,"[0-0.127]",2019,1720,1728,1537,4101,3543,3558,3215
"Pursat",1993,0.09374,"[0-0.195]",2019,1720,1728,1537,4101,3543,3558,3215
"Pursat",1994,0.0782,"[0-0.168]",2019,1720,1728,1537,4101,3543,3558,3215
"Pursat",1995,0.08221,"[0.00212-0.162]",2019,1720,1728,1537,4101,3543,3558,3215
"Pursat",1996,0.06662,"[0-0.138]",2019,1720,1728,1537,4101,3543,3558,3215
"Pursat",1997,0.07537,"[0.0102-0.14]",2019,1720,1728,1537,4101,3543,3558,3215
"Pursat",1998,0.09557,"[0.0376-0.154]",2019,1720,1728,1537,4101,3543,3558,3215
"Pursat",1999,0.1285,"[0.0784-0.179]",2019,1720,1728,1537,4101,3543,3558,3215
"Pursat",2000,0.0718,"[0.0283-0.115]",2019,1720,1728,1537,4101,3543,3558,3215
"Pursat",2001,0.07229,"[0.034-0.111]",2019,1720,1728,1537,4101,3543,3558,3215
"Pursat",2002,0.06371,"[0.0329-0.0945]",2019,1720,1728,1537,4101,3543,3558,3215
"Pursat",2003,0.08021,"[0.0547-0.106]",2019,1720,1728,1537,4101,3543,3558,3215
"Pursat",2004,0.1226,"[0.102-0.143]",2019,1720,1728,1537,4101,3543,3558,3215
"Pursat",2005,0.1072,"[0.0892-0.125]",2019,1720,1728,1537,4101,3543,3558,3215
"Pursat",2006,0.01068,"[0-0.0357]",2019,1720,1728,1537,4101,3543,3558,3215
"Pursat",2007,0.1316,"[0.108-0.155]",2019,1720,1728,1537,4101,3543,3558,3215
"Pursat",2008,0.09594,"[0.0794-0.112]",2019,1720,1728,1537,4101,3543,3558,3215
"Pursat",2009,0.1015,"[0.0875-0.115]",2019,1720,1728,1537,4101,3543,3558,3215
"Pursat",2010,0.03765,"[0.0243-0.051]",2019,1720,1728,1537,4101,3543,3558,3215
"Pursat",2011,0.03845,"[0.0203-0.0566]",2019,1720,1728,1537,4101,3543,3558,3215
"Pursat",2012,0.07582,"[0.0582-0.0934]",2019,1720,1728,1537,4101,3543,3558,3215
"Pursat",2013,0.08119,"[0.0676-0.0948]",2019,1720,1728,1537,4101,3543,3558,3215
"Pursat",2014,0.01004,"[0.00141-0.0187]",2019,1720,1728,1537,4101,3543,3558,3215
"Pursat",2015,0.03289,"[0.0179-0.0479]",2019,1720,1728,1537,4101,3543,3558,3215
"Pursat",2016,0.04374,"[0.0269-0.0606]",2019,1720,1728,1537,4101,3543,3558,3215
"Pursat",2017,0.04818,"[0.0329-0.0634]",2019,1720,1728,1537,4101,3543,3558,3215
"Pursat",2018,0.05341,"[0.0404-0.0665]",2019,1720,1728,1537,4101,3543,3558,3215
"Pursat",2019,0.06276,"[0.0533-0.0722]",2019,1720,1728,1537,4101,3543,3558,3215
"Pursat",2020,0.01415,"[0.00743-0.0209]",2019,1720,1728,1537,4101,3543,3558,3215
"Ratanak Kiri",1993,0.02058,"[0-0.0818]",1862,1845,1756,1772,3780,3784,3606,3676
"Ratanak Kiri",1994,0.02602,"[0-0.0849]",1862,1845,1756,1772,3780,3784,3606,3676
"Ratanak Kiri",1995,0.03799,"[0-0.094]",1862,1845,1756,1772,3780,3784,3606,3676
"Ratanak Kiri",1996,0.03884,"[0-0.0912]",1862,1845,1756,1772,3780,3784,3606,3676
"Ratanak Kiri",1997,0.04133,"[0-0.0906]",1862,1845,1756,1772,3780,3784,3606,3676
"Ratanak Kiri",1998,0.0443,"[0-0.0907]",1862,1845,1756,1772,3780,3784,3606,3676
"Ratanak Kiri",1999,0.02821,"[0-0.0722]",1862,1845,1756,1772,3780,3784,3606,3676
"Ratanak Kiri",2000,0.02288,"[0-0.0648]",1862,1845,1756,1772,3780,3784,3606,3676
"Ratanak Kiri",2001,0.04616,"[0.00666-0.0857]",1862,1845,1756,1772,3780,3784,3606,3676
"Ratanak Kiri",2002,0.04446,"[0.00791-0.081]",1862,1845,1756,1772,3780,3784,3606,3676
"Ratanak Kiri",2003,0.06672,"[0.0358-0.0976]",1862,1845,1756,1772,3780,3784,3606,3676
"Ratanak Kiri",2004,0.05413,"[0.0283-0.08]",1862,1845,1756,1772,3780,3784,3606,3676
"Ratanak Kiri",2005,0.04658,"[0.0196-0.0736]",1862,1845,1756,1772,3780,3784,3606,3676
"Ratanak Kiri",2006,0.03962,"[0.0123-0.0669]",1862,1845,1756,1772,3780,3784,3606,3676
"Ratanak Kiri",2007,0.1631,"[0.143-0.183]",1862,1845,1756,1772,3780,3784,3606,3676
"Ratanak Kiri",2008,0.006144,"[0.000575-0.0117]",1862,1845,1756,1772,3780,3784,3606,3676
"Ratanak Kiri",2009,0.03419,"[0.0214-0.047]",1862,1845,1756,1772,3780,3784,3606,3676
"Ratanak Kiri",2010,0.06261,"[0.0466-0.0786]",1862,1845,1756,1772,3780,3784,3606,3676
"Ratanak Kiri",2011,0.06211,"[0.0467-0.0775]",1862,1845,1756,1772,3780,3784,3606,3676
"Ratanak Kiri",2012,0.01773,"[0.00533-0.0301]",1862,1845,1756,1772,3780,3784,3606,3676
"Ratanak Kiri",2013,0.04843,"[0.0325-0.0643]",1862,1845,1756,1772,3780,3784,3606,3676
"Ratanak Kiri",2014,1e-07,"[0-0.0191]",1862,1845,1756,1772,3780,3784,3606,3676
"Ratanak Kiri",2015,0.06342,"[0.0452-0.0816]",1862,1845,1756,1772,3780,3784,3606,3676
"Ratanak Kiri",2016,0.0289,"[0.0144-0.0434]",1862,1845,1756,1772,3780,3784,3606,3676
"Ratanak Kiri",2017,0.03267,"[0.0171-0.0482]",1862,1845,1756,1772,3780,3784,3606,3676
"Ratanak Kiri",2018,0.06917,"[0.0553-0.083]",1862,1845,1756,1772,3780,3784,3606,3676
"Ratanak Kiri",2019,0.06948,"[0.0609-0.0781]",1862,1845,1756,1772,3780,3784,3606,3676
"Ratanak Kiri",2020,0.01573,"[0.00878-0.0227]",1862,1845,1756,1772,3780,3784,3606,3676
"Siem Reap",1987,0.02818,"[0-0.0642]",14192,5491,11391,4633,28451,11088,22887,9411
"Siem Reap",1988,0.02606,"[0-0.0607]",14192,5491,11391,4633,28451,11088,22887,9411
"Siem Reap",1989,0.03237,"[0-0.0657]",14192,5491,11391,4633,28451,11088,22887,9411
"Siem Reap",1990,0.04556,"[0.0144-0.0768]",14192,5491,11391,4633,28451,11088,22887,9411
"Siem Reap",1991,0.07623,"[0.0482-0.104]",14192,5491,11391,4633,28451,11088,22887,9411
"Siem Reap",1992,0.03752,"[0.0124-0.0627]",14192,5491,11391,4633,28451,11088,22887,9411
"Siem Reap",1993,0.07974,"[0.0569-0.103]",14192,5491,11391,4633,28451,11088,22887,9411
"Siem Reap",1994,0.09214,"[0.0719-0.112]",14192,5491,11391,4633,28451,11088,22887,9411
"Siem Reap",1995,0.1052,"[0.0875-0.123]",14192,5491,11391,4633,28451,11088,22887,9411
"Siem Reap",1996,0.09614,"[0.0807-0.112]",14192,5491,11391,4633,28451,11088,22887,9411
"Siem Reap",1997,0.09845,"[0.0849-0.112]",14192,5491,11391,4633,28451,11088,22887,9411
"Siem Reap",1998,0.09228,"[0.0803-0.104]",14192,5491,11391,4633,28451,11088,22887,9411
"Siem Reap",1999,0.08705,"[0.0765-0.0976]",14192,5491,11391,4633,28451,11088,22887,9411
"Siem Reap",2000,0.08938,"[0.0801-0.0987]",14192,5491,11391,4633,28451,11088,22887,9411
"Siem Reap",2001,0.0915,"[0.0835-0.0995]",14192,5491,11391,4633,28451,11088,22887,9411
"Siem Reap",2002,0.09775,"[0.0918-0.104]",14192,5491,11391,4633,28451,11088,22887,9411
"Siem Reap",2003,0.09355,"[0.0888-0.0983]",14192,5491,11391,4633,28451,11088,22887,9411
"Siem Reap",2004,0.07736,"[0.0717-0.083]",14192,5491,11391,4633,28451,11088,22887,9411
"Siem Reap",2005,0.08512,"[0.0795-0.0908]",14192,5491,11391,4633,28451,11088,22887,9411
"Siem Reap",2006,0.09006,"[0.0853-0.0948]",14192,5491,11391,4633,28451,11088,22887,9411
"Siem Reap",2007,0.09522,"[0.0917-0.0988]",14192,5491,11391,4633,28451,11088,22887,9411
"Siem Reap",2008,0.08507,"[0.0813-0.0888]",14192,5491,11391,4633,28451,11088,22887,9411
"Siem Reap",2009,0.07852,"[0.0745-0.0826]",14192,5491,11391,4633,28451,11088,22887,9411
"Siem Reap",2010,0.07916,"[0.0751-0.0832]",14192,5491,11391,4633,28451,11088,22887,9411
"Siem Reap",2011,0.07348,"[0.0697-0.0773]",14192,5491,11391,4633,28451,11088,22887,9411
"Siem Reap",2012,0.08074,"[0.0777-0.0837]",14192,5491,11391,4633,28451,11088,22887,9411
"Siem Reap",2013,0.07782,"[0.0748-0.0808]",14192,5491,11391,4633,28451,11088,22887,9411
"Siem Reap",2014,0.03675,"[0.0329-0.0406]",14192,5491,11391,4633,28451,11088,22887,9411
"Siem Reap",2015,0.08042,"[0.0766-0.0842]",14192,5491,11391,4633,28451,11088,22887,9411
"Siem Reap",2016,0.05416,"[0.0509-0.0574]",14192,5491,11391,4633,28451,11088,22887,9411
"Siem Reap",2017,0.05638,"[0.0525-0.0603]",14192,5491,11391,4633,28451,11088,22887,9411
"Siem Reap",2018,0.04267,"[0.0392-0.0461]",14192,5491,11391,4633,28451,11088,22887,9411
"Siem Reap",2019,0.1012,"[0.0983-0.104]",14192,5491,11391,4633,28451,11088,22887,9411
"Siem Reap",2020,0.06066,"[0.0548-0.0665]",14192,5491,11391,4633,28451,11088,22887,9411
"Stung Treng",1988,0.0939,"[0-0.283]",1375,1254,1097,1120,2816,2612,2299,2383
"Stung Treng",1989,0.06557,"[0-0.234]",1375,1254,1097,1120,2816,2612,2299,2383
"Stung Treng",1990,0.03874,"[0-0.196]",1375,1254,1097,1120,2816,2612,2299,2383
"Stung Treng",1991,0.11,"[0-0.251]",1375,1254,1097,1120,2816,2612,2299,2383
"Stung Treng",1992,0.06712,"[0-0.191]",1375,1254,1097,1120,2816,2612,2299,2383
"Stung Treng",1993,0.1342,"[0.0259-0.243]",1375,1254,1097,1120,2816,2612,2299,2383
"Stung Treng",1994,0.0755,"[0-0.169]",1375,1254,1097,1120,2816,2612,2299,2383
"Stung Treng",1995,0.07977,"[0-0.163]",1375,1254,1097,1120,2816,2612,2299,2383
"Stung Treng",1996,0.09781,"[0.0244-0.171]",1375,1254,1097,1120,2816,2612,2299,2383
"Stung Treng",1997,0.09862,"[0.0353-0.162]",1375,1254,1097,1120,2816,2612,2299,2383
"Stung Treng",1998,0.08971,"[0.0341-0.145]",1375,1254,1097,1120,2816,2612,2299,2383
"Stung Treng",1999,0.04513,"[0-0.0957]",1375,1254,1097,1120,2816,2612,2299,2383
"Stung Treng",2000,0.04529,"[0-0.0925]",1375,1254,1097,1120,2816,2612,2299,2383
"Stung Treng",2001,0.1039,"[0.0614-0.146]",1375,1254,1097,1120,2816,2612,2299,2383
"Stung Treng",2002,0.1083,"[0.0797-0.137]",1375,1254,1097,1120,2816,2612,2299,2383
"Stung Treng",2003,0.05278,"[0.0289-0.0767]",1375,1254,1097,1120,2816,2612,2299,2383
"Stung Treng",2004,1e-07,"[0-0.049]",1375,1254,1097,1120,2816,2612,2299,2383
"Stung Treng",2005,1e-07,"[0-0.0598]",1375,1254,1097,1120,2816,2612,2299,2383
"Stung Treng",2006,0.1408,"[0.0932-0.188]",1375,1254,1097,1120,2816,2612,2299,2383
"Stung Treng",2007,0.03239,"[0.00352-0.0613]",1375,1254,1097,1120,2816,2612,2299,2383
"Stung Treng",2008,0.09181,"[0.0585-0.125]",1375,1254,1097,1120,2816,2612,2299,2383
"Stung Treng",2009,1e-07,"[0-0.0399]",1375,1254,1097,1120,2816,2612,2299,2383
"Stung Treng",2010,0.1204,"[0.0838-0.157]",1375,1254,1097,1120,2816,2612,2299,2383
"Stung Treng",2011,0.1059,"[0.0752-0.137]",1375,1254,1097,1120,2816,2612,2299,2383
"Stung Treng",2012,0.07837,"[0.0518-0.105]",1375,1254,1097,1120,2816,2612,2299,2383
"Stung Treng",2013,0.08782,"[0.0629-0.113]",1375,1254,1097,1120,2816,2612,2299,2383
"Stung Treng",2014,1e-07,"[0-0.0336]",1375,1254,1097,1120,2816,2612,2299,2383
"Stung Treng",2015,0.1034,"[0.0722-0.135]",1375,1254,1097,1120,2816,2612,2299,2383
"Stung Treng",2016,0.05618,"[0.0353-0.0771]",1375,1254,1097,1120,2816,2612,2299,2383
"Stung Treng",2017,0.0496,"[0.0277-0.0715]",1375,1254,1097,1120,2816,2612,2299,2383
"Stung Treng",2018,0.01655,"[0-0.0439]",1375,1254,1097,1120,2816,2612,2299,2383
"Stung Treng",2019,0.1242,"[0.102-0.146]",1375,1254,1097,1120,2816,2612,2299,2383
"Stung Treng",2020,0.07481,"[0.0595-0.0902]",1375,1254,1097,1120,2816,2612,2299,2383
"Svay Rieng",1988,0.02283,"[0-0.092]",6700,5246,5880,4748,13466,10597,11863,9637
"Svay Rieng",1989,0.0191,"[0-0.0846]",6700,5246,5880,4748,13466,10597,11863,9637
"Svay Rieng",1990,0.002826,"[0-0.0648]",6700,5246,5880,4748,13466,10597,11863,9637
"Svay Rieng",1991,0.07735,"[0.0201-0.135]",6700,5246,5880,4748,13466,10597,11863,9637
"Svay Rieng",1992,0.04971,"[0-0.102]",6700,5246,5880,4748,13466,10597,11863,9637
"Svay Rieng",1993,0.08544,"[0.0373-0.134]",6700,5246,5880,4748,13466,10597,11863,9637
"Svay Rieng",1994,0.09827,"[0.0557-0.141]",6700,5246,5880,4748,13466,10597,11863,9637
"Svay Rieng",1995,0.08225,"[0.0447-0.12]",6700,5246,5880,4748,13466,10597,11863,9637
"Svay Rieng",1996,0.06321,"[0.0292-0.0972]",6700,5246,5880,4748,13466,10597,11863,9637
"Svay Rieng",1997,0.05728,"[0.026-0.0886]",6700,5246,5880,4748,13466,10597,11863,9637
"Svay Rieng",1998,0.06616,"[0.0374-0.0949]",6700,5246,5880,4748,13466,10597,11863,9637
"Svay Rieng",1999,0.06402,"[0.0379-0.0901]",6700,5246,5880,4748,13466,10597,11863,9637
"Svay Rieng",2000,0.05375,"[0.0299-0.0776]",6700,5246,5880,4748,13466,10597,11863,9637
"Svay Rieng",2001,0.07154,"[0.05-0.093]",6700,5246,5880,4748,13466,10597,11863,9637
"Svay Rieng",2002,0.1029,"[0.0862-0.12]",6700,5246,5880,4748,13466,10597,11863,9637
"Svay Rieng",2003,0.05282,"[0.0393-0.0664]",6700,5246,5880,4748,13466,10597,11863,9637
"Svay Rieng",2004,0.1052,"[0.0937-0.117]",6700,5246,5880,4748,13466,10597,11863,9637
"Svay Rieng",2005,0.02658,"[0.0168-0.0363]",6700,5246,5880,4748,13466,10597,11863,9637
"Svay Rieng",2006,0.1018,"[0.0906-0.113]",6700,5246,5880,4748,13466,10597,11863,9637
"Svay Rieng",2007,0.1267,"[0.118-0.135]",6700,5246,5880,4748,13466,10597,11863,9637
"Svay Rieng",2008,0.02483,"[0.0176-0.0321]",6700,5246,5880,4748,13466,10597,11863,9637
"Svay Rieng",2009,0.05517,"[0.0452-0.0651]",6700,5246,5880,4748,13466,10597,11863,9637
"Svay Rieng",2010,0.06716,"[0.0566-0.0777]",6700,5246,5880,4748,13466,10597,11863,9637
"Svay Rieng",2011,0.0538,"[0.044-0.0636]",6700,5246,5880,4748,13466,10597,11863,9637
"Svay Rieng",2012,0.09707,"[0.0884-0.106]",6700,5246,5880,4748,13466,10597,11863,9637
"Svay Rieng",2013,0.02837,"[0.0219-0.0349]",6700,5246,5880,4748,13466,10597,11863,9637
"Svay Rieng",2014,0.00858,"[0.00341-0.0138]",6700,5246,5880,4748,13466,10597,11863,9637
"Svay Rieng",2015,0.03351,"[0.0246-0.0424]",6700,5246,5880,4748,13466,10597,11863,9637
"Svay Rieng",2016,0.04905,"[0.0396-0.0585]",6700,5246,5880,4748,13466,10597,11863,9637
"Svay Rieng",2017,0.02034,"[0.012-0.0286]",6700,5246,5880,4748,13466,10597,11863,9637
"Svay Rieng",2018,0.05597,"[0.048-0.064]",6700,5246,5880,4748,13466,10597,11863,9637
"Svay Rieng",2019,0.02734,"[0.0228-0.0319]",6700,5246,5880,4748,13466,10597,11863,9637
"Svay Rieng",2020,0.0242,"[0.0178-0.0306]",6700,5246,5880,4748,13466,10597,11863,9637
"Takeo",1981,0.04855,"[0-0.354]",3884,2768,3533,2642,7848,5654,7184,5440
"Takeo",1982,0.05382,"[0-0.337]",3884,2768,3533,2642,7848,5654,7184,5440
"Takeo",1983,0.06964,"[0-0.328]",3884,2768,3533,2642,7848,5654,7184,5440
"Takeo",1984,0.08088,"[0-0.312]",3884,2768,3533,2642,7848,5654,7184,5440
"Takeo",1985,0.05062,"[0-0.26]",3884,2768,3533,2642,7848,5654,7184,5440
"Takeo",1986,0.06126,"[0-0.254]",3884,2768,3533,2642,7848,5654,7184,5440
"Takeo",1987,0.1179,"[0-0.287]",3884,2768,3533,2642,7848,5654,7184,5440
"Takeo",1988,0.04178,"[0-0.186]",3884,2768,3533,2642,7848,5654,7184,5440
"Takeo",1989,0.08491,"[0-0.206]",3884,2768,3533,2642,7848,5654,7184,5440
"Takeo",1990,0.2216,"[0.129-0.314]",3884,2768,3533,2642,7848,5654,7184,5440
"Takeo",1991,0.2077,"[0.141-0.274]",3884,2768,3533,2642,7848,5654,7184,5440
"Takeo",1992,0.1563,"[0.105-0.207]",3884,2768,3533,2642,7848,5654,7184,5440
"Takeo",1993,0.1347,"[0.0935-0.176]",3884,2768,3533,2642,7848,5654,7184,5440
"Takeo",1994,0.1559,"[0.123-0.189]",3884,2768,3533,2642,7848,5654,7184,5440
"Takeo",1995,0.1398,"[0.113-0.167]",3884,2768,3533,2642,7848,5654,7184,5440
"Takeo",1996,0.1205,"[0.0977-0.143]",3884,2768,3533,2642,7848,5654,7184,5440
"Takeo",1997,0.09985,"[0.0802-0.12]",3884,2768,3533,2642,7848,5654,7184,5440
"Takeo",1998,0.1006,"[0.0834-0.118]",3884,2768,3533,2642,7848,5654,7184,5440
"Takeo",1999,0.08244,"[0.0674-0.0975]",3884,2768,3533,2642,7848,5654,7184,5440
"Takeo",2000,0.08311,"[0.0699-0.0963]",3884,2768,3533,2642,7848,5654,7184,5440
"Takeo",2001,0.08499,"[0.0738-0.0961]",3884,2768,3533,2642,7848,5654,7184,5440
"Takeo",2002,0.08667,"[0.0791-0.0943]",3884,2768,3533,2642,7848,5654,7184,5440
"Takeo",2003,0.101,"[0.0934-0.109]",3884,2768,3533,2642,7848,5654,7184,5440
"Takeo",2004,0.1009,"[0.0936-0.108]",3884,2768,3533,2642,7848,5654,7184,5440
"Takeo",2005,0.1133,"[0.106-0.121]",3884,2768,3533,2642,7848,5654,7184,5440
"Takeo",2006,0.07849,"[0.0714-0.0856]",3884,2768,3533,2642,7848,5654,7184,5440
"Takeo",2007,0.09704,"[0.0917-0.102]",3884,2768,3533,2642,7848,5654,7184,5440
"Takeo",2008,0.09828,"[0.0898-0.107]",3884,2768,3533,2642,7848,5654,7184,5440
"Takeo",2009,0.07124,"[0.0628-0.0797]",3884,2768,3533,2642,7848,5654,7184,5440
"Takeo",2010,0.07953,"[0.0714-0.0877]",3884,2768,3533,2642,7848,5654,7184,5440
"Takeo",2011,0.07301,"[0.066-0.08]",3884,2768,3533,2642,7848,5654,7184,5440
"Takeo",2012,0.07991,"[0.074-0.0858]",3884,2768,3533,2642,7848,5654,7184,5440
"Takeo",2013,0.06413,"[0.0573-0.071]",3884,2768,3533,2642,7848,5654,7184,5440
"Takeo",2014,0.04139,"[0.0329-0.0499]",3884,2768,3533,2642,7848,5654,7184,5440
"Takeo",2015,0.05407,"[0.0448-0.0633]",3884,2768,3533,2642,7848,5654,7184,5440
"Takeo",2016,0.03392,"[0.0243-0.0435]",3884,2768,3533,2642,7848,5654,7184,5440
"Takeo",2017,0.04281,"[0.0324-0.0532]",3884,2768,3533,2642,7848,5654,7184,5440
"Takeo",2018,0.08339,"[0.0738-0.093]",3884,2768,3533,2642,7848,5654,7184,5440
"Takeo",2019,0.06601,"[0.059-0.0731]",3884,2768,3533,2642,7848,5654,7184,5440
"Takeo",2020,0.07825,"[0.067-0.0896]",3884,2768,3533,2642,7848,5654,7184,5440
"Tboung Khmum",1966,0.0169,"[0-0.122]",3489,6662,3046,6615,7088,13472,6240,13416
"Tboung Khmum",1967,0.04961,"[0-0.15]",3489,6662,3046,6615,7088,13472,6240,13416
"Tboung Khmum",1968,0.03169,"[0-0.127]",3489,6662,3046,6615,7088,13472,6240,13416
"Tboung Khmum",1969,0.0214,"[0-0.113]",3489,6662,3046,6615,7088,13472,6240,13416
"Tboung Khmum",1970,0.041,"[0-0.129]",3489,6662,3046,6615,7088,13472,6240,13416
"Tboung Khmum",1971,0.02098,"[0-0.105]",3489,6662,3046,6615,7088,13472,6240,13416
"Tboung Khmum",1972,0.02529,"[0-0.107]",3489,6662,3046,6615,7088,13472,6240,13416
"Tboung Khmum",1973,0.01443,"[0-0.0938]",3489,6662,3046,6615,7088,13472,6240,13416
"Tboung Khmum",1974,0.02072,"[0-0.0982]",3489,6662,3046,6615,7088,13472,6240,13416
"Tboung Khmum",1975,0.01672,"[0-0.0923]",3489,6662,3046,6615,7088,13472,6240,13416
"Tboung Khmum",1976,0.03059,"[0-0.104]",3489,6662,3046,6615,7088,13472,6240,13416
"Tboung Khmum",1977,0.0169,"[0-0.0877]",3489,6662,3046,6615,7088,13472,6240,13416
"Tboung Khmum",1978,0.02202,"[0-0.091]",3489,6662,3046,6615,7088,13472,6240,13416
"Tboung Khmum",1979,0.02058,"[0-0.0876]",3489,6662,3046,6615,7088,13472,6240,13416
"Tboung Khmum",1980,0.01762,"[0-0.0829]",3489,6662,3046,6615,7088,13472,6240,13416
"Tboung Khmum",1981,0.02298,"[0-0.0865]",3489,6662,3046,6615,7088,13472,6240,13416
"Tboung Khmum",1982,0.02315,"[0-0.0847]",3489,6662,3046,6615,7088,13472,6240,13416
"Tboung Khmum",1983,0.02323,"[0-0.0829]",3489,6662,3046,6615,7088,13472,6240,13416
"Tboung Khmum",1984,0.02542,"[0-0.0832]",3489,6662,3046,6615,7088,13472,6240,13416
"Tboung Khmum",1985,0.02275,"[0-0.0787]",3489,6662,3046,6615,7088,13472,6240,13416
"Tboung Khmum",1986,0.0172,"[0-0.0716]",3489,6662,3046,6615,7088,13472,6240,13416
"Tboung Khmum",1987,0.02144,"[0-0.0745]",3489,6662,3046,6615,7088,13472,6240,13416
"Tboung Khmum",1988,0.01565,"[0-0.0674]",3489,6662,3046,6615,7088,13472,6240,13416
"Tboung Khmum",1989,0.02253,"[0-0.0729]",3489,6662,3046,6615,7088,13472,6240,13416
"Tboung Khmum",1990,0.02672,"[0-0.0755]",3489,6662,3046,6615,7088,13472,6240,13416
"Tboung Khmum",1991,0.02611,"[0-0.0732]",3489,6662,3046,6615,7088,13472,6240,13416
"Tboung Khmum",1992,0.02565,"[0-0.0711]",3489,6662,3046,6615,7088,13472,6240,13416
"Tboung Khmum",1993,0.01998,"[0-0.0641]",3489,6662,3046,6615,7088,13472,6240,13416
"Tboung Khmum",1994,0.02459,"[0-0.0674]",3489,6662,3046,6615,7088,13472,6240,13416
"Tboung Khmum",1995,0.02201,"[0-0.0635]",3489,6662,3046,6615,7088,13472,6240,13416
"Tboung Khmum",1996,0.01742,"[0-0.0578]",3489,6662,3046,6615,7088,13472,6240,13416
"Tboung Khmum",1997,0.01444,"[0-0.054]",3489,6662,3046,6615,7088,13472,6240,13416
"Tboung Khmum",1998,0.01872,"[0-0.0574]",3489,6662,3046,6615,7088,13472,6240,13416
"Tboung Khmum",1999,0.01734,"[0-0.0551]",3489,6662,3046,6615,7088,13472,6240,13416
"Tboung Khmum",2000,0.02191,"[0-0.0587]",3489,6662,3046,6615,7088,13472,6240,13416
"Tboung Khmum",2001,0.02359,"[0-0.0593]",3489,6662,3046,6615,7088,13472,6240,13416
"Tboung Khmum",2002,0.02575,"[0-0.0603]",3489,6662,3046,6615,7088,13472,6240,13416
"Tboung Khmum",2003,0.02794,"[0-0.0613]",3489,6662,3046,6615,7088,13472,6240,13416
"Tboung Khmum",2004,0.04031,"[0.00845-0.0722]",3489,6662,3046,6615,7088,13472,6240,13416
"Tboung Khmum",2005,0.05558,"[0.0257-0.0855]",3489,6662,3046,6615,7088,13472,6240,13416
"Tboung Khmum",2006,0.07446,"[0.047-0.102]",3489,6662,3046,6615,7088,13472,6240,13416
"Tboung Khmum",2007,0.06863,"[0.0437-0.0935]",3489,6662,3046,6615,7088,13472,6240,13416
"Tboung Khmum",2008,0.06112,"[0.0384-0.0839]",3489,6662,3046,6615,7088,13472,6240,13416
"Tboung Khmum",2009,0.06122,"[0.0403-0.0821]",3489,6662,3046,6615,7088,13472,6240,13416
"Tboung Khmum",2010,0.06013,"[0.041-0.0793]",3489,6662,3046,6615,7088,13472,6240,13416
"Tboung Khmum",2011,0.05537,"[0.0378-0.073]",3489,6662,3046,6615,7088,13472,6240,13416
"Tboung Khmum",2012,0.04121,"[0.0248-0.0576]",3489,6662,3046,6615,7088,13472,6240,13416
"Tboung Khmum",2013,0.04994,"[0.0347-0.0652]",3489,6662,3046,6615,7088,13472,6240,13416
"Tboung Khmum",2014,0.04321,"[0.0291-0.0573]",3489,6662,3046,6615,7088,13472,6240,13416
"Tboung Khmum",2015,0.03268,"[0.0195-0.0459]",3489,6662,3046,6615,7088,13472,6240,13416
"Tboung Khmum",2016,0.07981,"[0.0696-0.09]",3489,6662,3046,6615,7088,13472,6240,13416
"Tboung Khmum",2017,0.01592,"[0.00973-0.0221]",3489,6662,3046,6615,7088,13472,6240,13416
"Tboung Khmum",2018,0.04879,"[0.0423-0.0552]",3489,6662,3046,6615,7088,13472,6240,13416
"Tboung Khmum",2019,0.05268,"[0.0485-0.0569]",3489,6662,3046,6615,7088,13472,6240,13416
"Tboung Khmum",2020,0.01056,"[0.00832-0.0128]",3489,6662,3046,6615,7088,13472,6240,13416
